ID,Measure Body Length,Length (mm),Measure Eye Diameter,Eye size (mm),Measure Dorsal Fin Anterior Maximum,Measure Dorsal Fin Minimum,Measure Dorsal Fin Posterior Maximum,Fin indentation ratio,Measure Yolk Width,Measure Yolk Height,Yolk volume (mm2),Jaw gape (um),body weight,yolk weight,total weight,% yolk weight,treatment group,age,,,,,,
F13-1.jpg,12786.6069,12.7866069,989.4783425,0.989478343,NA,NA,NA,,2752.266862,1689.765005,14.61054307,0.75,0.88,0.89,1.77,50.28248588,8,0,,,,,,
F13-10.jpg,11842.49359,11.84249359,959.0490859,0.959049086,362.8023406,191.8671724,364.9736253,0.527269878,2643.351781,1754.379866,14.56894501,0.41,0.67,0.94,1.61,58.38509317,8,0,,,,,,
F13-11.jpg,12500.30085,12.50030085,1015.317526,1.015317526,246.3331422,171.3723219,372.9837778,0.553423672,2694.539718,1579.011341,13.36655054,0.7,0.76,0.94,1.7,55.29411765,8,0,,,,,,
F13-2.jpg,11810.89556,11.81089556,991.9477109,0.991947711,333.399124,222.487883,347.1691256,0.653829746,2404.179376,1721.035289,12.9988864,0.71,0.78,0.78,1.56,50,8,0,,,,,,
F13-3.jpg,13291.41497,13.29141497,908.749453,0.908749453,339.2144879,193.2024645,353.2738141,0.557994883,1847.417568,1423.297049,8.26057206,0.77,0.78,0.52,1.3,40,8,0,,,,,,
F13-4.jpg,,,936.5408756,0.936540876,NM,NM,NM,,1609.762062,754.2977708,,0.78,0.94,0.49,1.43,34.26573427,8,0,,,,,,
F13-5.jpg,12483.86638,12.48386638,914.7005653,0.914700565,326.9479747,244.234943,353.9387154,0.717402606,2568.200522,1561.577991,12.5991752,0.79,0.81,0.74,1.55,47.74193548,8,0,,,,,,
F13-6.jpg,12765.8635,12.7658635,932.6194771,0.932619477,239.9102455,195.0450843,445.1211528,0.569448597,2584.904468,1574.100354,12.78281253,0.82,0.92,0.82,1.74,47.12643678,8,0,,,,,,
F13-7.jpg,11602.58512,11.60258512,923.8542609,0.923854261,334.493596,188.2105473,506.8686876,0.447394781,2011.010818,1615.478276,10.20622257,0.83,0.84,0.64,1.48,43.24324324,8,0,,,,,,
F13-8.jpg,12178.2776,12.1782776,894.5844935,0.894584493,218.6882316,103.7842455,356.3139997,0.360987279,2593.2105,1612.494454,13.13667655,0.69,0.65,0.96,1.61,59.62732919,8,0,,,,,,
F13-9.jpg,11806.94757,11.80694757,929.4465419,0.929446542,297.7311869,171.2014792,418.2942503,0.478199433,2538.620632,1173.628395,9.360044633,0.51,0.75,0.77,1.52,50.65789474,8,0,,,,,,
F14-1.jpg,11805.16628,11.80516628,989.5859903,0.98958599,327.2915935,157.0959433,282.85996,0.51494073,2263.893718,1462.604573,10.40237407,0.86,0.53,0.69,1.22,56.55737705,8,0,,,,,,
F19-1.jpg,12688.81564,12.68881564,906.4767546,0.906476755,295.9002693,209.6758394,407.8248977,0.595902631,2491.431307,1506.213,11.78921302,,0.69,0.64,1.33,48.12030075,8,0,,,,,,
F19-2.jpg,12031.08518,12.03108518,873.2754222,0.873275422,217.252955,127.8668339,358.2338679,0.444377973,2052.616461,1795.040282,11.57528019,,0.85,0.66,1.51,43.70860927,8,0,,,,,,
F19-3.jpg,11488.56879,11.48856879,921.3086484,0.921308648,199.7968894,171.4022272,378.0401175,0.593254586,1979.91506,1561.153409,9.71050121,0.87,0.72,0.76,1.48,51.35135135,8,0,,,,,,
F19-4.jpg,12052.23187,12.05223187,905.8986655,0.905898665,325.4296277,226.7785416,338.962559,0.682664686,2504.692498,1442.02265,11.346868,0.82,0.69,0.7,1.39,50.35971223,8,0,,,,,,
F19-5.jpg,11691.68674,11.69168674,823.7454619,0.823745462,349.0114582,243.0996696,409.6308911,0.640880831,1976.512603,1802.089443,11.18988018,0.88,0.66,0.69,1.35,51.11111111,8,0,,,,,,
F19-6.jpg,11798.56387,11.79856387,746.2246154,0.746224615,NA,NA,NA,,1934.708716,1854.793958,11.27355185,,0.6,0.65,1.25,52,8,0,,,,,,
F30-2.jpg,11679.03676,11.67903676,892.6932455,0.892693245,322.5262763,258.2611549,349.7707064,0.76829485,2295.069106,1935.587428,13.95590696,0.52,0.66,0.9,1.56,57.69230769,8,0,,,,,,
F30-3.jpg,11321.74111,11.32174111,875.2794881,0.875279488,229.9900592,220.6972334,348.110974,0.763524785,2501.939815,1274.700191,10.01923158,0.58,0.55,0.65,1.2,54.16666667,8,0,,,,,,
F30-4.jpg,11967.35578,11.96735578,925.4964209,0.925496421,352.7016466,258.891923,346.2534784,0.74079698,2452.781586,1501.476639,11.56982959,0.67,0.69,0.75,1.44,52.08333333,8,0,,,,,,
F30-5.jpg,12311.2604,12.3112604,878.2546701,0.87825467,299.3624836,202.6574416,362.3687167,0.612506835,2549.175836,1908.144881,15.2813121,0.67,0.75,1.03,1.78,57.86516854,8,0,,,,,,
F33-10.jpg,11084.05044,11.08405044,963.1261041,0.963126104,NA,NA,NA,,1939.556474,1709.954177,10.41924878,0.56,0.58,0.6,1.18,50.84745763,8,0,,,,,,
F33-11.jpg,11528.28482,11.52828482,935.100067,0.935100067,309.5019307,201.9051975,356.0752936,0.606707051,2605.63864,1761.621272,14.42036449,0.52,0.58,1.04,1.62,64.19753086,8,0,,,,,,
F33-12.jpg,11975.22647,11.97522647,921.8643482,0.921864348,307.505502,241.0653658,423.4480519,0.659591473,2536.08678,1993.601383,15.88370975,,0.52,1.05,1.57,66.87898089,8,0,,,,,,
F33-13.jpg,11475.06489,11.47506489,887.0631725,0.887063172,NA,NA,NA,,2160.297166,1675.040853,11.36811362,,0.59,0.73,1.32,55.3030303,8,0,,,,,,
F33-14.jpg,11741.01112,11.74101112,908.9062876,0.908906288,250.3546652,197.661723,416.407923,0.592899861,2393.622736,1346.415606,10.12475083,0.61,0.72,0.49,1.21,40.49586777,8,0,,,,,,
F33-15.jpg,11456.34718,11.45634718,912.2484512,0.912248451,255.7663526,151.987122,257.3479617,0.592410376,2422.3898,1701.819997,12.95111494,0.74,0.53,0.68,1.21,56.19834711,8,0,,,,,,
F33-16.jpg,11857.30631,11.85730631,921.3768929,0.921376893,286.7525565,176.966074,311.8110694,0.591302466,2680.046331,2029.211395,17.08516196,,0.63,1.02,1.65,61.81818182,8,0,,,,,,
F33-17.jpg,12191.81081,12.19181081,869.3652575,0.869365258,246.5340134,182.9256468,351.0955476,0.612170678,2461.542796,1930.580803,14.92948683,,0.56,0.93,1.49,62.41610738,8,0,,,,,,
F33-18.jpg,11385.73062,11.38573062,886.9896532,0.886989653,325.0322071,255.3694197,355.5865705,0.750403686,2602.040487,1861.987695,15.22090104,0.64,0.51,0.93,1.44,64.58333333,8,0,,,,,,
F33-19.jpg,11956.95151,11.95695151,931.9331741,0.931933174,389.8974339,289.5438297,400.1693039,0.732960435,2482.077493,1616.138528,12.60211464,,0.59,0.94,1.53,61.4379085,8,0,,,,,,
F33-20.jpg,12076.24447,12.07624447,888.581209,0.888581209,320.3390844,201.7615949,371.2188803,0.583498724,2326.865592,2107.323003,15.40465269,,0.64,1.13,1.77,63.84180791,8,0,,,,,,
F33-9.jpg,12107.66876,12.10766876,972.1122209,0.972112221,291.1659367,194.4462949,395.2134557,0.566585469,2188.949446,1688.946922,11.61451927,0.58,0.59,0.74,1.33,55.63909774,8,0,,,,,,
F41-1.jpg,,,909.8149553,0.909814955,182.3290989,142.2060148,293.1567974,0.598150296,2147.194822,1828.828199,12.33655407,0.79,0.6,0.7,1.3,53.84615385,8,0,,,,,,
F41-10.jpg,13172.30807,13.17230807,898.0201041,0.898020104,247.2452596,244.6362674,416.8374417,0.736764463,2231.260179,1426.812608,10.00153499,0.87,0.8,0.73,1.53,47.7124183,8,0,,,,,,
F41-11.jpg,11048.31788,11.04831788,905.7579826,0.905757983,280.0215609,212.7355886,332.8282496,0.69425032,1779.014607,1368.183171,7.646686122,0.77,0.73,0.4,1.13,35.39823009,8,0,,,,,,
F41-12.jpg,11825.63058,11.82563058,872.7677903,0.87276779,279.5546165,250.7211396,347.6704393,0.799461492,2373.626263,1821.204005,13.58064638,0.81,0.69,0.79,1.48,53.37837838,8,0,,,,,,
F41-13.jpg,11929.16804,11.92916804,929.3080155,0.929308015,331.9857024,122.5976938,282.8766126,0.398780966,2151.062115,1242.636266,8.397431725,0.82,0.78,0.7,1.48,47.2972973,8,0,,,,,,
F41-14.jpg,11202.31096,11.20231096,959.006686,0.959006686,266.359084,255.5989557,330.9548829,0.855827822,2497.290938,1593.522517,12.50192392,0.83,0.59,0.89,1.48,60.13513514,8,0,,,,,,
F41-15.jpg,11480.32832,11.48032832,883.5847528,0.883584753,262.7810752,167.500192,319.9769658,0.574853302,2353.614027,1781.592952,13.17325914,,0.58,0.85,1.43,59.44055944,8,0,,,,,,
F41-2.jpg,11924.26076,11.92426076,670.8647278,0.670864728,438.8662448,180.5128058,494.1385399,0.386949368,2336.029168,2026.582581,14.87277721,0.52,0.77,0.93,1.7,54.70588235,8,0,,,,,,
F41-3.jpg,9341.767248,9.341767248,884.066188,0.884066188,273.0981715,164.2220948,328.9085007,0.545582308,2467.293158,1766.674857,13.69389169,0.62,0.6,0.67,1.27,52.75590551,8,0,,,,,,
F41-4.jpg,11866.51737,11.86651737,915.1582321,0.915158232,344.9587648,313.7952558,403.990802,0.837960978,2473.057888,1692.017478,13.1458488,0.51,0.7,0.81,1.51,53.64238411,8,0,,,,,,
F41-5.jpg,11360.06115,11.36006115,806.3509766,0.806350977,339.7247457,207.8531607,357.4268812,0.59629255,2522.143474,1771.028618,14.03281737,,0.65,0.92,1.57,58.59872611,8,0,,,,,,
F41-6.jpg,12609.99351,12.60999351,969.5319776,0.969531978,283.7174098,183.8427379,422.8234128,0.52040231,2477.057893,1683.155152,13.09814559,0.8,0.7,1.01,1.71,59.06432749,8,0,,,,,,
F41-7.jpg,11731.3061,11.7313061,896.1543815,0.896154382,279.8866004,274.649924,394.9948587,0.81392049,2390.74673,1552.515367,11.66054862,0.69,0.55,0.85,1.4,60.71428571,8,0,,,,,,
F41-8.jpg,11484.97903,11.48497903,867.7566087,0.867756609,292.5927906,145.9818596,288.0540893,0.502824917,2361.955533,1447.232329,10.73889209,0.81,0.54,0.74,1.28,57.8125,8,0,,,,,,
F41-9.jpg,11325.08535,11.32508535,890.8867685,0.890886769,235.1765652,120.1569601,288.0540893,0.459288687,2295.122514,1189.548422,8.577041355,0.83,0.63,0.53,1.16,45.68965517,8,0,,,,,,
F42-1.jpg,11189.49752,11.18949752,866.3272905,0.86632729,252.6738452,157.0402723,306.4821064,0.561704733,2551.575343,1959.142698,15.70449488,0.57,0.54,0.91,1.45,62.75862069,8,0,,,,,,
F42-10.jpg,11899.34821,11.89934821,931.6349271,0.931634927,259.291878,123.1696137,281.7974696,0.455265343,2577.185764,2031.579396,16.4486034,0.56,0.56,1.14,1.7,67.05882353,8,0,,,,,,
F42-11.jpg,11736.09204,11.73609204,898.5693698,0.89856937,266.1328573,166.989622,301.5330666,0.588337665,2431.326682,2148.160925,16.40815064,0.73,0.48,1.13,1.61,70.1863354,8,0,,,,,,
F42-12.jpg,11511.49839,11.51149839,874.8460278,0.874846028,286.3007505,241.2232716,291.4812817,0.834997484,2240.826195,1879.639852,13.23220812,0.77,0.48,1.06,1.54,68.83116883,8,0,,,,,,
F42-13.jpg,11898.43154,11.89843154,885.2025201,0.88520252,225.5763807,179.1478356,346.9229009,0.625844753,2631.393906,1624.230588,13.42712572,0.76,0.75,0.78,1.53,50.98039216,8,0,,,,,,
F42-14.jpg,12374.24213,12.37424213,869.161744,0.869161744,257.733218,200.5725795,357.8133826,0.651689342,2136.763277,1237.606767,8.30784896,0.75,0.81,0.35,1.16,30.17241379,8,0,,,,,,
F42-2.jpg,11364.50739,11.36450739,1020.010374,1.020010374,429.0280401,178.5967714,398.3420283,0.431721616,2626.787178,2049.312054,16.91151395,,0.58,1.09,1.67,65.26946108,8,0,,,,,,
F42-3.jpg,11689.19341,11.68919341,898.4984141,0.898498414,266.158175,229.5073547,281.2336671,0.838548685,2344.732123,1607.33089,11.83989989,0.73,0.6,0.85,1.45,58.62068966,8,0,,,,,,
F42-4.jpg,12109.79977,12.10979977,845.2260589,0.845226059,382.8459943,324.1392598,393.3020699,0.835251094,2430.005491,1876.825288,14.32783618,0.56,0.64,1.01,1.65,61.21212121,8,0,,,,,,
F42-5.jpg,11339.56551,11.33956551,878.1309054,0.878130905,312.1826602,131.9271366,333.7869246,0.408462379,2557.439706,2089.682065,16.78939802,0.78,0.57,1.17,1.74,67.24137931,8,0,,,,,,
F42-6.jpg,11527.2003,11.5272003,978.8272808,0.978827281,303.1148836,246.8571057,380.6822546,0.72201854,2495.966652,1902.973438,14.92179299,,0.51,1.14,1.65,69.09090909,8,0,,,,,,
F42-7.jpg,12634.07812,12.63407812,898.1277909,0.898127791,352.9070282,239.7089384,398.8997855,0.637687592,2552.133129,2034.432359,16.31158209,0.58,0.71,1.11,1.82,60.98901099,8,0,,,,,,
F42-8.jpg,11660.76591,11.66076591,927.8812715,0.927881272,NA,NA,NA,,2536.398189,2325.981037,18.53416863,0.6,0.5,1,1.5,66.66666667,8,0,,,,,,
F42-9.jpg,12399.84169,12.39984169,843.6815448,0.843681545,320.3390844,247.4434655,369.3402698,0.71756089,2446.448519,2035.155247,15.64167043,0.67,0.58,1.04,1.62,64.19753086,8,0,,,,,,
F43-1.jpg,11581.67065,11.58167065,836.0090186,0.836009019,303.6364628,209.941172,222.0884829,0.798673047,2619.141747,1750.851848,14.4064809,0.74,0.6,1.11,1.71,64.9122807,8,0,,,,,,
F43-10.jpg,11122.11223,11.12211223,872.0415223,0.872041522,223.9258691,140.2617983,249.5379022,0.592492211,2222.806536,2172.293515,15.16944448,0.77,0.48,0.86,1.34,64.17910448,8,0,,,,,,
F43-11.jpg,12174.91827,12.17491827,817.3356823,0.817335682,365.2435613,121.6018415,300.4280791,0.365350825,2228.58822,1803.267323,12.62523438,0.73,0.62,0.89,1.51,58.94039735,8,0,,,,,,
F43-12.jpg,11184.02673,11.18402673,1080.13416,1.08013416,NA,NA,NA,,2411.885359,1720.784218,13.03864862,0.58,0.52,0.83,1.35,61.48148148,8,0,,,,,,
F43-13.jpg,12106.14865,12.10614865,888.8221697,0.88882217,200.2853861,137.0793804,246.9615591,0.612991914,2804.077518,1395.303106,12.29159048,0.7,0.6,0.96,1.56,61.53846154,8,0,,,,,,
F43-14.jpg,11837.42275,11.83742275,853.3815896,0.85338159,261.6735683,223.9258691,297.5187099,0.800890419,2211.119719,1647.765156,11.44608795,0.72,0.57,0.87,1.44,60.41666667,8,0,,,,,,
F43-15.jpg,11835.30637,11.83530637,848.7824937,0.848782494,201.0821327,101.7268264,157.3670891,0.56759407,2436.45351,1553.13856,11.88824747,0.64,0.6,0.96,1.56,61.53846154,8,0,,,,,,
F43-2.jpg,11652.22238,11.65222238,872.499698,0.872499698,399.981296,183.4617562,417.7389316,0.448715221,2289.274465,1776.291398,12.77501982,,0.61,0.76,1.37,55.47445255,8,0,,,,,,
F43-3.jpg,11606.64855,11.60664855,930.0759593,0.930075959,280.0640059,252.0906198,374.8166871,0.769882583,2344.413013,1629.149349,11.9989855,0.44,0.58,0.72,1.3,55.38461538,8,0,,,,,,
F43-4.jpg,11872.45528,11.87245528,819.3638449,0.819363845,267.1310516,165.9703805,294.013829,0.591541993,2582.060805,1732.940211,14.05722351,0.77,0.59,1.07,1.66,64.45783133,8,0,,,,,,
F43-5.jpg,11396.93149,11.39693149,917.5785488,0.917578549,309.443388,204.6791471,350.8800473,0.619936038,2162.792309,1575.405469,10.70426054,0.84,0.63,0.6,1.23,48.7804878,8,0,,,,,,
F43-6.jpg,10593.36921,10.59336921,792.9873125,0.792987313,166.3208235,82.32933558,266.6510546,,2065.392291,1702.194006,11.04488287,0.82,0.57,0.53,1.1,48.18181818,8,0,,,,,,
F43-7.jpg,11432.75894,11.43275894,884.5525437,0.884552544,327.7577611,203.3516008,261.6495786,0.690020592,1911.139738,1424.11387,8.550404581,,0.74,0.91,1.65,55.15151515,8,0,,,,,,
F43-8.jpg,11553.58475,11.55358475,969.2382076,0.969238208,360.6619767,203.4536527,314.9170155,0.602308997,2106.439486,1948.575894,12.89483587,,0.52,0.88,1.4,62.85714286,8,0,,,,,,
F43-9.jpg,11935.48834,11.93548834,942.2836214,0.942283621,213.934784,127.3564256,240.586097,0.560398569,2616.102564,1707.894491,14.03670944,0.72,0.55,0.97,1.52,63.81578947,8,0,,,,,,
F44-1.jpg,11153.22251,11.15322251,937.7608664,0.937760866,340.9382074,199.2670946,414.5027382,0.527551745,2722.179792,1543.195016,13.19736182,0.82,0.72,0.65,1.37,47.44525547,8,0,,,,,,
F44-2.jpg,12143.23145,12.14323145,826.1842384,0.826184238,324.4192878,229.4537688,369.9423865,0.660905627,2210.52991,2011.016774,13.96566418,0.79,0.44,0.99,1.43,69.23076923,8,0,,,,,,
F44-3.jpg,11039.59271,11.03959271,844.9156517,0.844915652,359.4362891,241.3028001,396.0102892,0.638834848,2275.347269,1861.075163,13.30335279,0.74,0.61,0.97,1.58,61.39240506,8,0,,,,,,
F44-4.jpg,12339.65074,12.33965074,837.0366982,0.837036698,,,,,2170.596967,1578.139267,10.76153007,0.8,0.71,0.76,1.47,51.70068027,8,0,,,,,,
F44-5.jpg,10684.43309,10.68443309,876.9418759,0.876941876,234.8226384,171.7716627,251.6249231,0.706228898,2090.444774,1935.364022,12.71015562,0.54,0.55,0.93,1.48,62.83783784,8,0,,,,,,
F44-6.jpg,12714.68791,12.71468791,909.3844916,0.909384492,278.5231219,144.1072159,207.742321,0.592710085,2816.945795,2023.353937,17.90605256,,0.62,0.97,1.59,61.00628931,8,0,,,,,,
F44-7.jpg,11369.60063,11.36960063,939.3676931,0.939367693,NA,NA,NA,,2471.718607,2314.861148,17.97518955,0.52,0.48,1.14,1.62,70.37037037,8,0,,,,,,
F44-8.jpg,11102.02968,11.10202968,886.9978223,0.886997822,251.6249231,224.6025302,406.100724,0.682967226,2392.057167,1843.779786,13.85575227,0.53,0.65,0.76,1.41,53.90070922,8,0,,,,,,
F44-9.jpg,10913.41813,10.91341813,846.6650633,0.846665063,NA,NA,NA,,2014.327191,1817.449806,11.50116798,,0.42,0.73,1.15,63.47826087,8,0,,,,,,
F110-1,13993.17563,13.99317563,997.045844,,241.645852,209.0226334,425.8346324,0.626303355,1104.785148,808.9455091,2.80767349,1.632935561,1.52,0,1.52,0,8,14,,,,,,
F110-2,15221.30382,15.22130382,1139.594797,,261.0520848,276.3299253,564.6874876,0.669290741,985.521294,715.800123,2.216191511,,2.04,0,2.04,0,8,14,,,,,,
F118-1,15033.36329,15.03336329,1025.282162,,387.0020116,264.9434574,457.1889025,0.627686115,1384.719581,949.5456173,4.130733464,1.429594272,1.08,0,1.08,0,8,14,,,,,,
F119-1,14936.55017,14.93655017,1038.22806,,434.3147848,296.5407038,580.8054364,0.584247457,1363.148754,820.679196,3.51452131,1.081027668,1.05,0,1.05,0,8,14,,,,,,
F122-1,14372.67132,14.37267132,983.1686193,,390.324979,223.925318,444.626364,0.536379323,1057.11936,604.6026683,2.007906992,0.895256917,1.88,0,1.88,0,8,14,,,,,,
F122-2,15724.31986,15.72431986,1095.279525,,386.2987971,105.1531782,357.1314664,0.282886461,1342.750611,1053.791871,4.445286006,1.466825776,1.21,0,1.21,0,8,14,,,,,,
F123-1,14822.05738,14.82205738,1086.139052,,401.6543635,219.4279571,533.3180188,0.469378479,1142.771522,609.3621435,2.187682965,1.183293556,1.2,0,1.2,0,8,14,,,,,,
F123-2,14148.59159,14.14859159,966.3978389,,308.2667656,209.4426717,429.066075,0.568108892,1610.913136,788.2321362,3.989107738,1.06916996,1.59,0,1.59,0,8,14,,,,,,
F126-1,14599.27651,14.59927651,1017.918701,,402.1335808,255.1410307,434.3147848,0.610058053,1407.21597,847.8922877,3.748443301,1.432806324,1.65,0,1.65,0,8,14,,,,,,
F126-2,13491.62349,13.49162349,902.7690771,,386.2987971,281.8502657,496.9193339,0.638234782,1231.973237,753.8649892,2.917724981,1.081027668,1.03,0,1.03,0,8,14,,,,,,
F88-1,14067.52735,14.06752735,1052.806474,,308.6729792,192.6036681,386.0280915,0.554493656,1070.199144,862.6119531,2.900210877,1.001976285,1.48,0,1.48,0,8,14,,,,,,
F88-2,13998.08004,13.99808004,952.5054003,,459.378022,250.1109563,465.4438376,0.540884612,964.9879167,925.2999347,2.805135941,1.06916996,1.37,0,1.37,0,8,14,,,,,,
F88-3,14448.54377,14.44854377,1041.069081,,313.378281,251.5409192,471.3187643,0.641116009,1955.608516,830.8670229,5.104614478,0.954545455,1.28,0,1.28,0,8,14,,,,,,
F93-1,14016.86989,14.01686989,961.0179476,,434.0518701,201.7097227,621.5226747,0.382179968,1402.311376,941.7590094,4.148907446,1.12055336,1.39,0,1.39,0,8,14,,,,,,
F93-2,13673.77198,13.67377198,949.2441799,,311.9683647,234.8066115,483.5820026,0.5902998,1817.139628,1034.880118,5.907828079,1.077075099,1.2,0,1.2,0,8,14,,,,,,
F94-1,15068.15536,15.06815536,1101.845734,,316.8121122,257.377101,483.6425576,0.643077268,687.6036066,976.7353964,2.109913148,1.282608696,1.41,0,1.41,0,8,14,,,,,,
F94-2,13697.96769,13.69796769,981.0434002,,411.0897032,237.9452141,547.6484407,0.496371643,1454.126632,979.0513105,4.472570421,1.179841897,1.4,0,1.4,0,8,14,,,,,,
F96-1,13442.87778,13.44287778,952.9432469,,423.9676845,173.4965897,500.8674636,0.375194628,908.74319,964.7279546,2.754200408,,1.07,0,1.07,0,8,14,,,,,,
F97-1,14813.50898,14.81350898,1028.472227,,351.4734954,346.0677193,423.7887076,0.892775936,1101.457985,860.2004363,2.976576853,1.333992095,1.69,0,1.69,0,8,14,,,,,,
F98-1,13506.67094,13.50667094,1042.490708,,295.3705991,159.7723839,385.8391951,0.469084224,1305.177423,1132.118283,4.642061209,,1.59,0,1.59,0,8,14,,,,,,
F211-11,15359.63355,15.35963355,1056.791138,,388.0655006,231.2213599,633.9130733,0.452497471,1139.898976,802.1502729,2.872576512,1.39522673,1.9,0,1.9,0,8A,14,,,,,,
F211-2,14778.56318,14.77856318,1060.198556,,453.0331687,242.6679163,403.2561979,0.566789512,2104.550035,845.8994373,5.592776925,1.641527446,1.4,0,1.4,0,8A,14,,,,,,
F211-3,14321.14766,14.32114766,1048.02636,,309.002948,142.178332,429.2238334,0.385188768,1899.163009,974.8829009,5.816533069,1.323627685,1.21,0,1.21,0,8A,14,,,,,,
F211-4,15739.37579,15.73937579,1080.898357,,471.5842667,218.1829807,451.2301993,0.47286424,1605.622969,1198.809834,6.047047428,1.400954654,2.32,0,2.32,0,8A,14,,,,,,
F211-5,13854.7945,13.8547945,1009.387274,,355.164187,218.9883818,405.2356717,0.575982174,1744.997472,687.6031162,3.769486083,1.389498807,1.32,0,1.32,0,8A,14,,,,,,
F211-6,15408.53978,15.40853978,1208.197687,,656.6026382,178.2158562,480.7981907,0.313373881,1412.040577,885.1235601,3.926454632,1.707398568,1.94,0,1.94,0,8A,14,,,,,,
F211-7,14790.01033,14.79001033,1049.982625,,1142.260138,1115.574754,821.551367,,1260.113291,753.8439567,2.984286784,1.673031026,1.7,0,1.7,0,8A,14,,,,,,
F211-8,15167.38991,15.16738991,960.4617732,,467.4074892,219.2654369,354.5287538,0.53353393,902.5464518,814.5911862,2.309717026,1.461097852,1.61,0,1.61,0,8A,14,,,,,,
F211-9,14656.32605,14.65632605,1062.483367,,339.4568794,234.5798318,534.9243188,0.53656193,1264.780628,890.2514067,3.53734468,1.624343675,1.6,0,1.6,0,8A,14,,,,,,
F220-1,15388.19612,15.38819612,1067.657345,,546.6696068,190.978051,579.7609199,0.339085361,1333.346741,778.8120094,3.262310165,1.227272727,1.96,0,1.96,0,8A,14,,,,,,
F220-2,15529.82581,15.52982581,942.831248,,464.3547536,249.6137866,331.9018696,0.626968189,1912.733973,980.3781616,5.891117786,1.314229249,2.19,0,2.19,0,8A,14,,,,,,
F220-3,13801.02212,13.80102212,1017.492803,,320.5020624,158.9609751,426.6604009,0.425505785,1350.053497,783.0385751,3.321112915,1.112648221,2.08,0,2.08,0,8A,14,,,,,,
F220-4,15432.20258,15.43220258,1109.058298,,349.0758954,239.7519987,492.4949467,0.569772589,1509.837491,814.3909762,3.862892871,1.175889328,2.12,0,2.12,0,8A,14,,,,,,
F220-5,14700.97705,14.70097705,1030.370735,,537.3289911,176.3578293,537.8220838,0.328061485,1514.761243,698.1517909,3.322335959,1.092885375,1.5,0,1.5,0,8A,14,,,,,,
F220-6,15508.22809,15.50822809,1114.606561,,447.3585048,169.6994081,472.5817188,0.368935728,1682.319497,887.8642749,4.692503071,1.195652174,1.95,0,1.95,0,8A,14,,,,,,
F220-7,15796.65701,15.79665701,1104.619129,,514.375976,189.4437462,542.7962669,0.358397125,2324.345963,682.3407366,4.982548973,,1.71,0,1.71,0,8A,14,,,,,,
F226-1,15677.95508,15.67795508,1089.917625,,470.6236358,155.3636416,625.5430832,0.283467175,1383.067369,884.046648,3.84120975,,1.37,0,1.37,0,8A,14,,,,,,
F226-2,16309.19859,16.30919859,1112.848516,,352.7042719,167.9544152,487.9538264,0.399578415,1351.915678,929.552204,3.947961376,,1.96,0,1.96,0,8A,14,,,,,,
F299-1,15360.96731,15.36096731,1115.510812,,490.377399,143.8569697,523.181022,0.283865176,1314.147394,828.4246155,3.420161224,1.386634845,2.02,0,2.02,0,8A,14,,,,,,
F299-2,15328.97401,15.32897401,1086.177509,,477.220632,211.8511751,576.6703873,0.402036209,880.6086463,725.7949101,2.007919833,1.398090692,1.97,0,1.97,0,8A,14,,,,,,
F323-1,16361.98641,16.36198641,1200.420474,,417.9928367,173.3848473,477.9061275,0.387063395,1169.163499,1300.384624,4.776354801,1.077075099,2.43,0,2.43,0,8B,14,,,,,,
F323-10,16515.02931,16.51502931,1256.149059,,513.7535731,229.7575826,552.7530704,0.430860106,2147.408042,876.5206017,5.913249575,1.12055336,1.28,0,1.28,0,8B,14,,,,,,
F323-11,16341.53019,16.34153019,1325.585939,,536.6623097,307.710524,618.3378415,0.532832006,NM,NM,0,1.112648221,2.47,0,2.47,0,8B,14,,,,,,
F323-12,15084.19714,15.08419714,1096.830728,,486.2460609,132.4705975,509.6542476,0.266031843,NM,NM,0,1.26284585,2.41,0,2.41,0,8B,14,,,,,,
F323-13,15619.26634,15.61926634,1107.30436,,554.9826258,176.9174805,475.8048462,0.343266649,998.9202658,708.7166293,2.22409305,1.365612648,1.94,0,1.94,0,8B,14,,,,,,
F323-14,15747.30385,15.74730385,1166.635316,,544.4229071,157.751398,491.313937,0.304616755,1168.30647,908.2316688,3.333518954,1.16798419,2.09,0,2.09,0,8B,14,,,,,,
F323-15,14880.00529,14.88000529,1070.721853,,366.0376364,210.891849,540.7905676,0.46511974,1847.268197,859.4773343,4.987855778,1.278656126,2.41,0,2.41,0,8B,14,,,,,,
F323-16,16343.26988,16.34326988,1190.500593,,616.2914058,164.3574758,603.4866775,0.269487504,1917.812654,977.3513136,5.88852315,1.128458498,1.58,0,1.58,0,8B,14,,,,,,
F323-3,15828.52032,15.82852032,1155.866646,,391.4903466,171.7674343,471.3617965,0.398138744,2085.547873,881.0225268,5.772403511,0.998023715,2.75,0,2.75,0,8B,14,,,,,,
F323-4,16268.13546,16.26813546,1142.196415,,424.2091651,117.6760766,529.2716121,0.246834712,2456.43957,949.8033865,7.329752397,0.970355731,2.41,0,2.41,0,8B,14,,,,,,
F323-5,16019.94271,16.01994271,1135.313746,,466.7664903,209.6589063,643.0609804,0.377822521,2602.151948,958.8490924,7.838490208,1.171936759,1.7,0,1.7,0,8B,14,,,,,,
F323-6,15600.23968,15.60023968,1069.785688,,549.3708213,151.3937517,446.1458929,0.3041511,3512.612249,931.0489248,10.27429947,1.199604743,1.54,0,1.54,0,8B,14,,,,,,
F323-7,16786.59184,16.78659184,1151.629314,,503.2748731,172.4493254,577.289982,0.319183665,4099.210257,792.7650752,10.20925873,1.132411067,2.08,0,2.08,0,8B,14,,,,,,
F323-8,14818.267,14.818267,1113.946232,,527.288748,187.6393363,509.4077411,0.361994737,1385.051487,835.1106474,3.633786814,1.171936759,2.06,0,2.06,0,8B,14,,,,,,
F323-9,14660.06741,14.66006741,1049.286652,,500.0518468,229.5810661,610.1794453,0.413573402,2039.859828,761.5202244,4.880128671,1.211462451,2.58,0,2.58,0,8B,14,,,,,,
F325-1,15809.48227,15.80948227,1140.11527,,315.6908144,289.9855906,420.7846908,0.787495548,2426.74515,1067.682286,8.1398371,1.088932806,3.04,0,3.04,0,8B,14,,,,,,
F325-2,16017.58713,16.01758713,1032.757979,,617.4409961,125.0729407,519.9571812,0.219928154,2444.698924,920.2028438,7.067380247,1.191699605,2.47,0,2.47,0,8B,14,,,,,,
F325-3,16799.73299,16.79973299,1152.282056,,574.8544636,125.0466087,602.7788047,0.212369355,2004.649637,940.8544603,5.925301226,1.247035573,2,0,2,0,8B,14,,,,,,
F325-4,15348.94707,15.34894707,1151.701266,,465.4255221,180.6727012,400.6184856,0.417236768,1571.102826,1044.047588,5.153169289,1.116600791,1.89,0,1.89,0,8B,14,,,,,,
F331-1,17189.81143,17.18981143,1126.438656,,623.6055588,161.1943816,717.7919377,0.240337979,NM,NM,0,1.8,2.49,0,2.49,0,8B,14,,,,,,
F331-2,16744.48395,16.74448395,1240.249758,,576.4866482,122.1174538,648.6694317,0.199350035,NM,NM,0,1.59,2.33,0,2.33,0,8B,14,,,,,,
F331-3,18054.13376,18.05413376,1282.493606,,617.5874415,117.6926446,755.6053853,0.171414593,NM,NM,0,1.51,2.74,0,2.74,0,8B,14,,,,,,
F331-4,17126.66472,17.12666472,1173.565562,,719.1692485,223.6451518,702.5679459,0.314608287,2275.953804,885.0093753,6.327917668,1.71,2.42,0,2.42,0,8B,14,,,,,,
F331-5,15642.39933,15.64239933,1109.568056,,595.8526143,242.5075525,574.0947256,0.414561484,1313.296876,756.9542408,3.123072338,1.53,1.71,0,1.71,0,8B,14,,,,,,
F331-6,16275.00365,16.27500365,1143.270428,,654.7977538,152.9092617,667.9064285,0.231207043,1613.40766,812.2186432,4.11686451,1.74,2.24,0,2.24,0,8B,14,,,,,,
F331-7,16892.35969,16.89235969,1128.409968,,635.4750478,215.6321887,693.3453824,0.324546769,1404.222447,823.9294361,3.634757455,1.7,2.44,0,2.44,0,8B,14,,,,,,
F331-8,17825.43613,17.82543613,1154.331411,,515.5493814,108.8364399,679.2649537,0.182181343,NM,NM,0,1.62,2.35,0,2.35,0,8B,14,,,,,,
F331-9,16492.58681,16.49258681,1163.276472,,513.1913473,101.2118902,610.780908,0.180096777,1289.905734,764.4552014,3.097843822,1.59,2.13,0,2.13,0,8B,14,,,,,,
F22-9.jpg,12303.78499,12.30378499,953.5312803,0.95353128,280.3639555,185.6006153,332.9243178,0.605263865,2352.214284,1616.058952,11.94217932,0.74,0.91,0.58,1.49,38.9261745,2,0,,,,,,
F23-1.jpg,12678.90259,12.67890259,937.7647898,0.93776479,392.9184533,151.8183682,386.9897846,0.389323669,1880.570879,1624.799892,9.599289603,0.79,1.03,,,,2,0,,,,,,
F23-11.jpg,13863.0387,13.8630387,947.1889766,0.947188977,425.4146396,202.6747247,524.724219,0.426621273,1907.580571,1155.976757,6.927579178,1.2,1.54,0.14,1.68,8.333333333,2,0,,,,,,
F23-12.jpg,13568.81156,13.56881156,914.1129714,0.914112971,541.3989587,295.4682756,511.999148,0.560981216,1573.49579,1095.575129,5.415733131,1.08,1.32,0.11,1.43,7.692307692,2,0,,,,,,
F23-2.jpg,13802.8372,13.8028372,988.9391558,0.988939156,424.7342168,208.6618732,385.6983903,0.514939481,1649.34856,1394.893444,7.227747704,0.77,1.42,0.28,1.7,16.47058824,2,0,,,,,,
F23-3.jpg,12988.37406,12.98837406,971.5461737,0.971546174,NM,NM,NM,,1807.422409,1040.920792,5.910535795,0.8,1.28,0.29,1.57,18.47133758,2,0,,,,,,
F23-4.jpg,13827.21048,13.82721048,1034.305863,1.034305863,377.8019459,295.1353457,488.354954,0.68148241,1484.625642,1226.791521,5.721860016,0.79,1.42,0.1,1.52,6.578947368,2,0,,,,,,
F23-5.jpg,13309.25832,13.30925832,983.979433,0.983979433,367.4186052,242.9571852,493.4449728,0.564449911,1418.491162,1085.059074,4.835367903,0.8,1.22,0.31,1.53,20.26143791,2,0,,,,,,
F23-6.jpg,13498.80292,13.49880292,1026.64037,1.02664037,345.2704679,146.3335403,447.8919467,0.368987581,1491.702893,1192.503087,5.588449746,0.78,1.25,0.31,1.56,19.87179487,2,0,,,,,,
F31-1.jpg,12785.46693,12.78546693,991.947847,0.991947847,355.9249238,145.7836403,388.6513233,0.391588211,1541.770895,1145.212362,5.546964369,0.81,1.02,0.3,1.32,22.72727273,2,0,,,,,,
F32-1.jpg,14561.5839,14.5615839,963.4628902,0.96346289,469.4347736,124.3710181,410.3154052,0.282741672,1523.122973,963.5583736,4.610653702,1.27,1.4,0.05,1.45,3.448275862,2,0,,,,,,
F32-2.jpg,12416.13087,12.41613087,915.4829341,0.915482934,335.3022788,134.4690235,421.9459475,0.355151769,1716.793391,1234.48195,6.658130189,1.13,0.97,0.19,1.16,16.37931034,2,0,,,,,,
F32-3.jpg,12963.00142,12.96300142,1022.720405,1.022720405,482.8775925,249.4772058,542.563583,0.486575362,1871.781626,1280.252566,7.528359343,1.13,1.23,0.14,1.37,10.2189781,2,0,,,,,,
F32-4.jpg,13582.96561,13.58296561,979.820271,0.979820271,403.6733897,276.037339,505.9858623,0.606902724,1577.121302,942.8232603,4.671376719,1.12,1.07,0.15,1.22,12.29508197,2,0,,,,,,
F33-1.jpg,12138.45195,12.13845195,931.2580833,0.931258083,223.196163,208.7631739,386.6636386,0.684626773,2493.748099,1654.062777,12.95848041,0.56,0.66,0.71,1.37,51.82481752,2,0,,,,,,
F33-2.jpg,11400.29317,11.40029317,848.7964974,0.848796497,208.9520999,196.6956837,308.5351809,0.76019524,2450.428148,1497.456197,11.52777804,0.58,0.64,0.88,1.52,57.89473684,2,0,,,,,,
F33-3.jpg,11182.42214,11.18242214,842.66909,0.84266909,245.3709034,138.6225194,305.1328993,0.50362057,2498.164202,1845.460955,14.48356083,0.67,0.56,1.12,1.68,66.66666667,2,0,,,,,,
F33-4.jpg,12335.21698,12.33521698,923.4815629,0.923481563,336.1294233,269.5403195,392.3362714,0.740021998,2716.700122,1704.551791,14.54793692,0.51,0.73,0.86,1.59,54.08805031,2,0,,,,,,
F33-5.jpg,11170.60744,11.17060744,806.7792151,0.806779215,312.0394817,213.0903327,375.5237452,0.619842145,2073.112518,1493.012541,9.723795927,,0.52,0.58,1.1,52.72727273,2,0,,,,,,
F33-6.jpg,12164.98223,12.16498223,883.5862711,0.883586271,289.1736887,263.9586993,394.942732,0.771677718,2253.168903,1414.103105,10.00977534,0.74,0.71,0.74,1.45,51.03448276,2,0,,,,,,
F33-7.jpg,12012.34757,12.01234757,859.031448,0.859031448,289.3270175,266.8737742,315.2554864,0.882836577,2524.279083,1697.811996,13.46407346,0.79,0.75,0.91,1.66,54.81927711,2,0,,,,,,
F33-8.jpg,11909.73707,11.90973707,870.5156699,0.87051567,273.5680502,169.5253762,312.8142769,0.578207659,2407.981562,1791.754818,13.55442953,0.81,0.65,0.89,1.54,57.79220779,2,0,,,,,,
F40-1.jpg,12938.88231,12.93888231,1022.528344,1.022528344,329.5166845,182.9597574,396.8903096,0.503738975,1681.082843,1192.857395,6.299805611,0.87,1.15,0.33,1.48,22.2972973,2,0,,,,,,
F40-2.jpg,13757.3296,13.7573296,1008.363676,1.008363676,415.9642032,256.8010906,555.6115296,0.528628046,1510.726709,1135.645107,5.389866984,0.84,1.41,0.16,1.57,10.1910828,2,0,,,,,,
F40-3.jpg,12459.73931,12.45973931,946.6547252,0.946654725,321.9876397,242.4288926,403.6935398,0.668141601,1371.556212,1050.340501,4.525777819,0.86,1.21,0.17,1.38,12.31884058,2,0,,,,,,
F40-4.jpg,12716.79328,12.71679328,908.9669018,0.908966902,424.8002283,178.1794881,472.2395147,0.397261079,1737.819176,1314.597589,7.177065707,0.84,1.1,0.35,1.45,24.13793103,2,0,,,,,,
F40-5.jpg,13361.68795,13.36168795,935.1351144,0.935135114,432.8404837,221.5452544,446.0185301,0.50416563,1229.691508,1053.726437,4.070741792,0.85,1.29,0.2,1.49,13.42281879,2,0,,,,,,
F45-1.jpg,12375,12.37458666,1017,1.016783323,364,193,357,0.536702984,1941,1768,10.78230748,0.83,0.89,0.57,1.46,39.04109589,2,0,,,,,,
F45-2.jpg,12850.23295,12.85023295,874.7054582,0.874705458,459.1918973,176.2355978,400.9184776,0.409797633,1903.15501,1487.053212,8.890991146,,0.95,0.65,1.6,40.625,2,0,,,,,,
F45-3.jpg,,,880.0262165,0.880026217,457.9761912,263.9210932,438.5107329,0.58878961,1796.853829,1560.612316,8.809622225,1.2,0.97,0.5,1.47,34.01360544,2,0,,,,,,
F45-4.jpg,12935.49279,12.93549279,914.7489387,0.914748939,442.8092133,257.2188774,532.2647612,0.527588438,1709.12739,1320.256837,7.088957374,1.15,1.05,0.45,1.5,30,2,0,,,,,,
F45-5.jpg,11866.06159,11.86606159,829.9269172,0.829926917,414.3154828,256.5652071,450.821721,0.593120273,1361.222406,829.319692,3.54650497,,0.85,0.23,1.08,21.2962963,2,0,,,,,,
F45-6.jpg,14190.12992,14.19012992,957.9197953,0.957919795,482.8775925,250.2030961,454.6199307,0.533768015,1708.262566,1318.520831,7.076053789,1.07,1.28,0.41,1.69,24.26035503,2,0,,,,,,
F45-7.jpg,12912.1532,12.9121532,987.7471466,0.987747147,440.0856122,225.8202183,516.1063188,0.472332407,1578.624002,1124.45735,5.576621836,,1.14,0.31,1.45,21.37931034,2,0,,,,,,
F46-1.jpg,12769.93907,12.76993907,891.9231637,0.891923164,346.1271277,153.6068408,379.4177297,0.423424794,1923.394548,1231.600544,7.441967318,,0.94,0.52,1.46,35.61643836,2,0,,,,,,
F46-10.jpg,12618,12.6178051,1004,1.004137071,311,267,494,0.66410249,2070,1624,10.55802971,,0.96,0.68,1.64,41.46341463,2,0,,,,,,
F46-11.jpg,12014.07631,12.01407631,842.9441891,0.842944189,403.7732142,234.5739036,428.9713642,0.563375397,2078.601541,1596.642843,10.42625948,1.13,0.87,0.7,1.57,44.58598726,2,0,,,,,,
F46-12.jpg,13266.32785,13.26632785,953.0199177,0.953019918,402.7905327,173.3535394,434.6799309,0.413993202,1819.144466,1522.830501,8.702985549,0.93,1.18,0.47,1.65,28.48484848,2,0,,,,,,
F46-13.jpg,13156.7434,13.1567434,918.9248592,0.918924859,471.7321125,149.1973039,263.9210932,0.405618579,1617.391059,872.329404,4.432462351,1.07,1.02,0.18,1.2,15,2,0,,,,,,
F46-14.jpg,12783.88642,12.78388642,918.8590711,0.918859071,376.1091566,239.1677124,449.2695261,0.579534503,1742.732753,1013.46405,5.548666812,1.11,0.9,0.33,1.23,26.82926829,2,0,,,,,,
F46-15.jpg,12913.5236,12.9135236,916.5095401,0.91650954,337.3792157,220.1877543,388.5130278,0.60666788,1243.049121,894.3130074,3.492427055,1.06,0.93,0.22,1.15,19.13043478,2,0,,,,,,
F46-16.jpg,12685.81587,12.68581587,911.0625288,0.911062529,376.8172497,240.4037333,461.8105092,0.573326439,2183.980951,1630.289828,11.18570008,1.08,1.07,0.59,1.66,35.54216867,2,0,,,,,,
F46-17.jpg,12962.11314,12.96211314,919.4334611,0.919433461,414.408588,260.2372232,431.4565538,0.615316107,2294.967872,1616.311476,11.65336025,1.09,1.06,0.8,1.86,43.01075269,2,0,,,,,,
F46-18.jpg,13239.99452,13.23999452,951.8022793,0.951802279,428.5438444,334.5962213,468.3971316,0.746083032,2321.030361,1836.05751,13.38802786,1.09,1.06,1.02,2.08,49.03846154,2,0,,,,,,
F46-19,,,,0,,,,,,,,1.1,1.16,0.6,1.76,34.09090909,2,0,,,,,,
F46-2.jpg,13200.28498,13.20028498,910.9695335,0.910969534,405.4356696,233.3811232,432.664413,0.556929006,2092.300663,1338.278605,8.796707133,0.78,1.17,0.47,1.64,28.65853659,2,0,,,,,,
F46-20.jpg,13216.34211,13.21634211,1028.479116,1.028479116,394.8465062,210.3121941,449.1140004,0.49839345,1947.726736,1538.906101,9.416503087,1.1,1.13,0.53,1.66,31.92771084,2,0,,,,,,
F46-21.jpg,12699.63214,12.69963214,911.5577926,0.911557793,340.6619034,191.7036139,409.808773,0.510889019,2126.791049,1620.073349,10.82452898,1.11,1.04,0.67,1.71,39.18128655,2,0,,,,,,
F46-22.jpg,13305.7235,13.3057235,946.8816517,0.946881652,363.3409535,229.9197181,413.9181957,0.591616627,1950.748417,1492.452421,9.146422607,1.12,1.13,0.67,1.8,37.22222222,2,0,,,,,,
F46-23.jpg,12702.82674,12.70282674,987.7376166,0.987737617,388.7555194,257.4911544,376.8172497,0.672675844,2111.266498,1621.023765,10.75181898,1.09,1.14,0.79,1.93,40.93264249,2,0,,,,,,
F46-3.jpg,13304.2672,13.3042672,907.3757678,0.907375768,401.2341898,219.782624,474.555691,0.501907201,2024.789162,1383.273987,8.799085208,0.77,0.93,0.45,1.38,32.60869565,2,0,,,,,,
F46-4.jpg,13361.50788,13.36150788,1014.237156,1.014237156,455.6454095,282.7101781,528.7821015,0.574364643,1778.918755,1339.265179,7.484662075,0.75,1.05,0.39,1.44,27.08333333,2,0,,,,,,
F46-5.jpg,11623.7307,11.6237307,831.7358275,0.831735827,342.3381225,247.1321041,401.5647184,0.66442038,2099.651585,1301.229028,8.583224717,0.76,0.94,0.51,1.45,35.17241379,2,0,,,,,,
F46-6.jpg,12570.7988,12.5707988,962.8086895,0.96280869,344.6083954,205.3830245,410.5697764,0.54393263,1779.760203,1366.541241,7.640710414,0.79,0.95,0.48,1.43,33.56643357,2,0,,,,,,
F46-7.jpg,13365,13.36502515,875,0.874524947,377,227,471,0.535991419,1972,1145,7.090334021,0.88,1.06,0.41,1.47,27.89115646,2,0,,,,,,
F46-8.jpg,12205,12.20484926,899,0.899489588,331,218,339,0.652054964,1914,1477,8.879861573,0.83,0.82,0.46,1.28,35.9375,2,0,,,,,,
F46-9.jpg,12607,12.60653255,937,0.937300007,366,215,319,0.628075131,1827,1562,8.969133259,0.85,0.95,0.59,1.54,38.31168831,2,0,,,,,,
F47-1.jpg,12960.83962,12.96083962,926.019216,0.926019216,399.1856837,256.5784628,490.754314,0.57661969,1930.117328,1228.529158,7.44935522,0.83,1.15,0.33,1.48,22.2972973,2,0,,,,,,
F47-10.jpg,12692,12.69216506,880,0.879811854,272,155,323,0.522533192,1834,1724,9.933568901,0.81,0.95,0.63,1.58,39.87341772,2,0,,,,,,
F47-11.jpg,14340.23851,14.34023851,917.6461182,0.917646118,473.7386436,120.9271789,460.6362262,0.25884082,2058.660779,1388.478246,8.979938789,1.11,1.31,0.4,1.71,23.39181287,2,0,,,,,,
F47-12.jpg,12954.49609,12.95449609,899.6463786,0.899646379,403.2165425,262.5466512,426.7232207,0.63268845,2075.916571,1330.470382,8.676900406,1.09,1.02,0.49,1.51,32.45033113,2,0,,,,,,
F47-13.jpg,12455.54511,12.45554511,905.9455549,0.905945555,386.1198583,195.6362558,411.74531,0.490399289,1109.236876,754.4126458,2.628952653,1.12,1.14,0.27,1.41,19.14893617,2,0,,,,,,
F47-14.jpg,12341.26193,12.34126193,901.2190403,0.90121904,396.6712091,229.9197181,403.9853602,0.574327938,1590.0414,1124.968653,5.619508844,1.08,0.95,,,,2,0,,,,,,
F47-15.jpg,12949.06056,12.94906056,908.749798,0.908749798,393.142506,274.583639,479.3031768,0.62945727,2000.937033,1419.337042,8.922128323,,1.01,0.67,1.68,39.88095238,2,0,,,,,,
F47-2.jpg,12405.43072,12.40543072,934.7004521,0.934700452,342.1788505,210.2517959,324.2866683,0.630945758,1775.24365,1338.060336,7.462479836,0.8,0.87,0.5,1.37,36.49635036,2,0,,,,,,
F47-3.jpg,12826.5797,12.8265797,970.4028547,0.970402855,358.1363387,192.2027349,480.5563886,0.458338862,1678.420513,1151.282189,6.070606329,0.81,0.99,0.34,1.33,25.56390977,2,0,,,,,,
F47-4.jpg,12051.68309,12.05168309,811.5506478,0.811550648,339.5254191,200.0920748,359.0293453,0.572874411,1806.320976,1481.772944,8.408646436,0.77,0.83,0.48,1.31,36.64122137,2,0,,,,,,
F47-5.jpg,12440.77338,12.44077338,927.3478244,0.927347824,365.7237772,239.2568501,411.6275672,0.615569399,1925.088334,1300.759333,7.866782063,0.79,0.82,0.31,1.13,27.43362832,2,0,,,,,,
F47-6.jpg,12974.53436,12.97453436,954.5069913,0.954506991,382.4422284,230.9675623,440.632933,0.561230792,1967.305088,1197.329586,7.400054786,0.8,0.91,0.52,1.43,36.36363636,2,0,,,,,,
F47-7.jpg,11223,11.22265741,,0,385,217,411,0.544615712,2466,2092,16.20774378,,0.57,1.1,1.67,65.86826347,2,0,,,,,,
F47-8.jpg,12073,12.07286918,892,0.892342298,333,213,406,0.57484417,2162,1590,10.79964526,0.84,0.76,0.79,1.55,50.96774194,2,0,,,,,,
F47-9.jpg,13051,13.05137113,893,0.893290153,387,209,436,0.508697855,1964,1568,9.677243071,0.79,0.94,0.73,1.67,43.71257485,2,0,,,,,,
F48-1.jpg,,,854.4166599,0.85441666,326.660417,204.9694457,258.1209598,0.701012221,2165.030821,1769.479629,12.03536197,0.77,0.78,0.73,1.51,48.34437086,2,0,,,,,,
F48-10.jpg,12726.55833,12.72655833,802.3548118,0.802354812,327.003715,142.5204176,392.8257236,0.395983854,2189.459669,1648.229159,11.33715407,0.8,0.9,0.83,1.73,47.97687861,2,0,,,,,,
F48-11.jpg,13093.38377,13.09338377,912.1203913,0.912120391,519.557039,337.255385,496.2994545,0.663982338,2674.338497,1788.185026,15.02374956,0.8,1.04,0.73,1.77,41.24293785,2,0,,,,,,
F48-12.jpg,13202.03205,13.20203205,822.3734746,0.822373475,541.8368748,281.7693658,485.9270964,0.548315321,2014.286935,1478.180679,9.354021483,0.76,1.24,0.55,1.79,30.72625698,2,0,,,,,,
F48-13.jpg,13308.33803,13.30833803,916.3517472,0.916351747,398.3483174,242.2772324,549.230807,0.511360426,2121.708997,1302.307381,8.680581638,0.79,1.18,0.45,1.63,27.60736196,2,0,,,,,,
F48-14.jpg,13235.06614,13.23506614,898.5800143,0.898580014,400.9817517,235.4967552,590.1066536,0.475228555,1751.937023,1330.624242,7.323579961,0.78,1.31,0.25,1.56,16.02564103,2,0,,,,,,
F48-15.jpg,12836.71645,12.83671645,866.5956181,0.866595618,323.8986421,239.1753495,445.3588991,0.621834266,1962.22268,1449.553267,8.935769879,0.8,1.06,0.67,1.73,38.7283237,2,0,,,,,,
F48-16.jpg,12899.6861,12.8996861,932.5195742,0.932519574,437.2337498,269.7318181,492.7021961,0.580108381,2051.967085,1392.598685,8.977302854,0.81,1.32,0.45,1.77,25.42372881,2,0,,,,,,
F48-17.jpg,12488.58762,12.48858762,937.3121183,0.937312118,351.6638429,198.8339265,384.5407928,0.540159398,2094.827055,1584.740212,10.42931436,0.82,0.99,0.68,1.67,40.71856287,2,0,,,,,,
F48-18.jpg,13255.25077,13.25525077,922.3420336,0.922342034,342.680208,222.3030879,470.270143,0.546904464,2136.796688,1312.839385,8.813010848,0.82,1.11,0.46,1.57,29.29936306,2,0,,,,,,
F48-19.jpg,11615.49565,11.61549565,870.8217042,0.870821704,344.8016239,261.6511058,411.6275672,0.691805945,1503.321375,1134.555148,5.35829906,0.71,0.98,,,,2,0,,,,,,
F48-2.jpg,12374.80088,12.37480088,930.3932099,0.93039321,366.2317505,185.381866,380.0330932,0.496825939,1982.388814,1246.659113,7.764009538,0.8,0.75,0.45,1.2,37.5,2,0,,,,,,
F48-20.jpg,13426,13.42601936,912,0.911817698,296,141,360,0.430085454,2421,1738,13.21962459,0.73,0.98,0.84,1.82,46.15384615,2,0,,,,,,
F48-21.jpg,12516,12.51627228,900,0.899646379,292,218,346,0.684583547,2216,1758,12.23462476,0.79,0.79,0.99,1.78,55.61797753,2,0,,,,,,
F48-22.jpg,12158,12.15757996,905,0.904992252,366,215,464,0.518632512,2454,1843,14.20616282,0.93,0.85,1.08,1.93,55.95854922,2,0,,,,,,
F48-23.jpg,12215,12.21505615,930,0.929545376,346,230,329,0.681928447,2195,1652,11.39115657,0.84,0.86,0.88,1.74,50.57471264,2,0,,,,,,
F48-24.jpg,12523,12.52301009,1001,1.001346421,390,205,370,0.539992083,2048,1449,9.322652305,0.87,0.96,0.61,1.57,38.85350318,2,0,,,,,,
F48-25.jpg,13040,13.03987145,960,0.959694526,458,242,488,0.511777754,2271,1819,12.97589321,0.77,0.88,0.27,1.15,23.47826087,2,0,,,,,,
F48-26.jpg,12544,12.54418611,910,0.9099658,298,168,336,0.532127752,2045,1107,7.112335155,0.84,0.96,0.89,1.85,48.10810811,2,0,,,,,,
F48-27.jpg,12526,12.52576938,993,0.992950139,344,232,333,0.685303394,2231,1635,11.45692888,0.89,0.9,0.77,1.67,46.10778443,2,0,,,,,,
F48-28.jpg,12617,12.61739838,912,0.911526846,299,239,442,0.646400618,2296,1402,10.11460083,0.81,0.89,0.64,1.53,41.83006536,2,0,,,,,,
F48-29.jpg,13215,13.21450929,928,0.928300325,407,191,521,0.412777717,2196,1232,8.497952053,0.99,1.05,0.41,1.46,28.08219178,2,0,,,,,,
F48-3.jpg,13149.44053,13.14944053,893.1740312,0.893174031,384.6445198,266.6371068,467.2652858,0.625974968,2086.480295,1369.782832,8.978742404,0.76,0.95,0.55,1.5,36.66666667,2,0,,,,,,
F48-4.jpg,12865.46992,12.86546992,920.7205973,0.920720597,523.3569711,271.8506001,433.4904774,0.568221404,2519.104693,1612.227304,12.75915739,0.76,0.93,0.53,1.46,36.30136986,2,0,,,,,,
F48-5.jpg,12874.52641,12.87452641,883.1092145,0.883109215,355.1581771,256.5310279,379.891054,0.697996861,2334.136917,1709.222615,12.53356056,0.74,0.89,0.7,1.59,44.02515723,2,0,,,,,,
F48-6.jpg,11687.66257,11.68766257,880.2412435,0.880241243,354.8049979,245.1563146,366.9967457,0.679289893,1640.98006,1044.461667,5.384499183,0.73,0.76,0.31,1.07,28.97196262,2,0,,,,,,
F48-7.jpg,13177.52314,13.17752314,886.5094524,0.886509452,442.5920064,261.8579017,404.1477541,0.618508576,2047.702625,1783.302125,11.47205763,0.75,0.91,0.96,1.87,51.3368984,2,0,,,,,,
F48-8.jpg,13065.15275,13.06515275,915.5082046,0.915508205,343.0824465,248.8091379,396.5115198,0.672826305,2497.217062,1692.764346,13.28012927,0.77,0.97,0.75,1.72,43.60465116,2,0,,,,,,
F48-9.jpg,13242.94544,13.24294544,988.122485,0.988122485,370.8468911,225.0606378,549.2599112,0.489205464,1624.031565,1174.07861,5.990197587,0.83,1.13,0.36,1.49,24.16107383,2,0,,,,,,
F7-1.jpg,13552.01568,13.55201568,981.3734512,0.981373451,327.050426,220.9847532,494.5527378,0.537935497,1513.172662,1023.38069,4.864914478,0.82,1.15,0.3,1.45,20.68965517,2,0,,,,,,
F7-2.jpg,11125.18526,11.12518526,932.7900262,0.932790026,,NM,NM,,1851.024379,1633.634297,9.499844297,0.77,0.81,0.63,1.44,43.75,2,0,,,,,,
F7-3.jpg,13192.89337,13.19289337,868.5639726,0.868563973,326.9618479,182.1336845,426.2772618,0.483601242,2286.310035,1210.741633,8.696331868,0.56,0.84,0.45,1.29,34.88372093,2,0,,,,,,
F7-4.jpg,13820.68261,13.82068261,979.1089434,0.979108943,427.6337455,214.9064373,484.4958204,0.471219102,1214.119217,1318.547223,5.029288248,1.09,1.25,0.29,1.54,18.83116883,2,0,,,,,,
F7-5.jpg,14070.45918,14.07045918,908.6501965,0.908650197,302.8806349,151.8377993,396.6289722,0.434126416,1446.545665,962.7591155,4.375213931,1.09,,,1.63,,2,0,,,,,,
F7-6.jpg,14026.54356,14.02654356,974.4037013,0.974403701,438.7989979,275.7177784,574.6257777,0.544130724,1582.874044,1247.806949,6.205021108,1.15,1.35,0.26,1.61,16.14906832,2,0,,,,,,
F7-7.jpg,13597.72367,13.59772367,966.4145827,0.966414583,439.7423392,207.0500409,617.2564889,0.39176967,1074.476092,990.7438743,3.344318708,1.11,1.24,0.19,1.43,13.28671329,2,0,,,,,,
F9-1.jpg,13302.16272,13.30216272,928.0004021,0.928000402,351.4873463,218.6050457,460.646225,0.538347517,1754.268965,1426.819747,7.863480198,0.75,1.17,0.49,1.66,29.51807229,2,0,,,,,,
F9-2.jpg,13808.32766,13.80832766,895.0395833,0.895039583,558.8100177,374.959466,824.9429585,0.541945669,1941.321086,1260.778872,7.689282202,0.73,1.12,0.35,1.47,23.80952381,2,0,,,,,,
F9-3.jpg,13249.71821,13.24971821,955.4176163,0.955417616,318.4339637,234.4717205,479.3504031,0.587807258,1434.603607,1027.178164,4.629426599,0.8,1.03,0.17,1.2,14.16666667,2,0,,,,,,
F9-4.jpg,12921.16254,12.92116254,894.892301,0.894892301,416.8780784,322.4832083,489.0247862,0.711959794,1609.64209,983.4013756,4.97289898,0.78,0.77,0.33,1.1,30,2,0,,,,,,
F9-5.jpg,13333.30777,13.33330777,962.0102293,0.962010229,443.3795468,257.4819135,431.680604,0.588489633,1503.855915,1333.801613,6.301543992,0.8,1.03,0.56,1.59,35.22012579,2,0,,,,,,
F9-6.jpg,13284.59736,13.28459736,1069.967253,1.069967253,463.7622422,321.224457,472.9266609,0.685872238,1581.918123,1114.95523,5.541035547,0.82,1.28,0.19,1.47,12.92517007,2,0,,,,,,
F9-7.jpg,13002.26826,13.00226826,905.4605997,0.9054606,396.362944,283.3986582,451.9099508,0.668178036,,,,,1,0.09,1.09,8.256880734,2,0,,,,,,
F9-8.jpg,14194.21274,14.19421274,960.3065614,0.960306561,485.8468427,260.0812165,524.1017473,0.515038526,1662.053625,1389.476239,7.255137743,1.19,1.26,0.4,1.66,24.09638554,2,0,,,,,,
F10-1.jpg,12432.89152,12.43289152,906.3797903,0.90637979,321.2665677,177.3576674,318.9119368,0.554088168,2345.6293,1601.392822,11.80067259,0.82,0.59,0.67,1.26,53.17460317,5,0,,,,,,
F10-2.jpg,12511.71505,12.51171505,899.8002279,0.899800228,383.2459776,157.5281892,291.9347986,0.46662522,2169.569602,1688.085144,11.50581644,0.72,0.85,0.65,1.5,43.33333333,5,0,,,,,,
F10-3.jpg,11262.09995,11.26209995,860.5389091,0.860538909,285.0918749,201.8440507,344.4250901,0.641266437,2455.395599,1844.450259,14.22780573,0.55,0.56,0.94,1.5,62.66666667,5,0,,,,,,
F22-1.jpg,13531.50416,13.53150416,982.5319965,0.982531996,266.7243561,206.9805615,395.9433605,0.624688834,2073.426769,1401.028952,9.126101969,0.79,1.1,0.53,1.63,32.51533742,5,0,,,,,,
F22-10.jpg,13365.98492,13.36598492,943.0774263,0.943077426,304.0046039,211.771343,364.9632784,0.633128581,2199.667398,1488.130878,10.28365864,0.74,0.96,0.46,1.42,32.3943662,5,0,,,,,,
F22-11.jpg,13295.05455,13.29505455,985.8890126,0.985889013,279.1751923,121.8120437,336.1933266,0.395899497,2180.190348,1839.72484,12.60076148,0.82,0.87,0.88,1.75,50.28571429,5,0,,,,,,
F22-2.jpg,14595.19352,14.59519352,1009.746895,1.009746895,NM,NM,NM,,1742.967179,1135.649915,6.218464906,0.78,1.1,0.39,1.49,26.17449664,5,0,,,,,,
F22-3.jpg,12197.62132,12.19762132,906.6615084,0.906661508,421.3194129,228.8770658,402.4305603,0.555695474,1495.283971,1228.57732,5.771326944,0.82,1.05,0.18,1.23,14.63414634,5,0,,,,,,
F22-8.jpg,12346.29808,12.34629808,967.6003327,0.967600333,264.5903245,263.815676,383.689602,0.813894323,2202.541143,1819.129623,12.58743328,0.76,0.92,0.77,1.69,45.56213018,5,0,,,,,,
F23-7.jpg,12615.93775,12.61593775,956.611732,0.956611732,317.828109,185.6006153,345.5189473,0.559588268,2318.542686,1561.111061,11.37099328,0.82,0.91,0.72,1.63,44.17177914,5,0,,,,,,
F27-1.jpg,12147.98146,12.14798146,836.1851605,0.83618516,297.8315287,202.4547253,375.4005492,0.601441114,2139.13932,1439.813921,9.675979617,0.76,0.87,0.87,1.74,50,5,0,,,,,,
F27-2.jpg,12012.73706,12.01273706,906.1083153,0.906108315,424.8188641,250.1010368,394.7982819,0.610287469,2129.045307,1357.948651,9.082758298,0.79,1.18,0.72,1.9,37.89473684,5,0,,,,,,
F27-3.jpg,12212.63549,12.21263549,919.2697954,0.919269795,410.1725299,194.4137894,330.5362334,0.524939893,1994.067401,1443.46061,9.042619911,0.79,0.76,0.73,1.49,48.99328859,5,0,,,,,,
F27-4.jpg,12656.90637,12.65690637,972.4267598,0.97242676,356.5420286,217.5515075,373.964958,0.595617869,2273.255,1663.526209,11.88029729,0.75,0.89,0.88,1.77,49.71751412,5,0,,,,,,
F27-5.jpg,12659.39525,12.65939525,874.3487567,0.874348757,392.1965576,208.5454378,373.4001464,0.54479189,2095.251402,1026.917357,6.759602225,0.78,0.9,0.35,1.25,28,5,0,,,,,,
F27-6.jpg,11966.15158,11.96615158,902.3622271,0.902362227,311.3425911,214.7106695,368.4514899,0.63169326,2266.060794,1642.82439,11.69532257,0.82,0.9,0.7,1.6,43.75,5,0,,,,,,
F27-7.jpg,12341.65577,12.34165577,878.7849556,0.878784956,255.0390685,212.6754513,389.5129382,0.659917118,2106.135835,1314.162374,8.69530684,0.83,0.81,0.44,1.25,35.2,5,0,,,,,,
F27-8.jpg,12032.60287,12.03260287,874.8460278,0.874846028,285.5178037,157.8945553,253.9332573,0.585389729,2459.36468,1776.867026,13.72863521,0.71,0.74,1.14,1.88,60.63829787,5,0,,,,,,
F27-9.jpg,12472.6002,12.4726002,923.4362507,0.923436251,331.0942556,279.541504,360.2183688,0.808726744,2125.509131,1460.641499,9.753401812,0.75,0.91,0.48,1.39,34.5323741,5,0,,,,,,
F49-1.jpg,12413.72787,12.41372787,907.8612845,0.907861285,400.4546391,262.0749325,376.657382,0.674484309,2105.224251,1558.705522,10.30889091,0.79,0.92,0.7,1.62,43.20987654,5,0,,,,,,
F49-10.jpg,12754.10499,12.75410499,926.6058458,0.926605846,291.6697546,161.1974968,312.3262075,0.533770114,2177.597829,1516.702855,10.37594557,0.76,0.88,0.65,1.53,42.48366013,5,0,,,,,,
F49-11.jpg,12729.93616,12.72993616,879.0071155,0.879007116,315.9593573,226.477734,438.7676848,0.600157994,1584.055712,1364.681689,6.791275086,0.71,0.87,0.54,1.41,38.29787234,5,0,,,,,,
F49-12.jpg,12351.28436,12.35128436,877.9572583,0.877957258,247.1944883,208.2434206,360.3944858,0.685474653,2287.346877,1633.083307,11.73518326,0.74,0.81,0.79,1.6,49.375,5,0,,,,,,
F49-13.jpg,12827.04779,12.82704779,939.5233821,0.939523382,356.5543848,254.4460044,488.8903862,0.601922238,1730.343419,1595.496925,8.673168484,0.81,0.81,0.59,1.4,42.14285714,5,0,,,,,,
F49-14.jpg,12477.01057,12.47701057,908.4322663,0.908432266,352.6194835,253.5631899,525.95025,0.577218131,1825.84179,1342.73267,7.701976777,0.83,0.97,0.36,1.33,27.06766917,5,0,,,,,,
F49-15.jpg,12441.754,12.441754,980.5924491,0.980592449,1558.838633,330.4985418,176.4068699,0.380924245,975.0057082,1953.027667,5.982256908,0.79,0.92,0.57,1.49,38.25503356,5,0,,,,,,
F49-16.jpg,13129.76533,13.12976533,1005.971144,1.005971144,286.4376753,204.6225692,322.0411718,0.672570855,2308.449498,1560.891141,11.31989763,0.79,1.03,0.68,1.71,39.76608187,5,0,,,,,,
F49-17.jpg,12379,12.37902237,932,0.931545863,348,236,400,0.630630669,2524,1799,14.26722773,0.67,0.86,0.87,1.73,50.28901734,5,0,,,,,,
F49-18.jpg,12146,12.14577049,895,0.895068429,252,197,346,0.659267818,2195,1545,10.65641442,0.72,0.62,0.65,1.27,51.18110236,5,0,,,,,,
F49-19.jpg,12229,12.22889122,894,0.893663248,371,241,395,0.628599474,2440,2021,15.48890695,,0.78,0.76,1.54,49.35064935,5,0,,,,,,
F49-2.jpg,12170.73198,12.17073198,927.6956743,0.927695674,344.0328985,268.0708466,400.4546391,0.720148647,2138.464207,1591.360092,10.69103999,0.82,0.9,0.75,1.65,45.45454545,5,0,,,,,,
F49-20.jpg,11586,11.58554871,944,0.943603628,311,231,363,0.686638057,2268,1490,10.61918052,0.72,0.67,0.6,1.27,47.24409449,5,0,,,,,,
F49-21.jpg,11982,11.98206406,878,0.877709628,NA,NA,NA,,2104,1470,9.717546677,0.8,0.58,0.45,1.03,43.68932039,5,0,,,,,,
F49-22.jpg,11446,11.44586918,885,0.885127757,277,168,489,0.438946724,2340,1863,13.69709316,0.85,0.59,1.02,1.61,63.35403727,5,0,,,,,,
F49-23.jpg,12006,12.00633468,881,0.881198466,NA,NA,NA,,2298,1759,12.70055889,0.93,0.71,0.94,1.65,56.96969697,5,0,,,,,,
F49-24.jpg,12902,12.90219047,868,0.86760923,402,273,396,0.683083739,2527,1713,13.60146306,,0.89,0.93,1.82,51.0989011,5,0,,,,,,
F49-25.jpg,12774,12.77374188,948,0.94849841,380,241,455,0.57625892,1779,1223,6.835744201,0.99,1.02,0.2,1.22,16.39344262,5,0,,,,,,
F49-26.jpg,13034,13.03420159,884,0.883822069,352,172,456,0.424562276,1649,1452,7.51944796,0.83,0.86,0.43,1.29,33.33333333,5,0,,,,,,
F49-3.jpg,12300.95897,12.30095897,920.530711,0.920530711,379.1263996,287.7513762,415.9654737,0.723819186,2189.02251,1626.897694,11.18819371,0.79,0.83,0.81,1.64,49.3902439,5,0,,,,,,
F49-4.jpg,12416.10903,12.41610903,924.1881466,0.924188147,334.6062462,284.1548577,406.1556484,0.767196206,2277.888813,1685.717302,12.06331788,0.8,0.72,0.77,1.49,51.67785235,5,0,,,,,,
F49-5.jpg,12517.02221,12.51702221,863.6855291,0.863685529,261.2806326,251.8629243,484.9404558,0.675035665,1976.922752,1497.368239,9.299676093,0.81,0.81,0.75,1.56,48.07692308,5,0,,,,,,
F49-6.jpg,13019.14496,13.01914496,874.6361743,0.874636174,373.5026221,223.7724613,315.5458047,0.649511566,2294.511615,1561.310756,11.25457548,0.76,0.88,0.94,1.82,51.64835165,5,0,,,,,,
F49-7.jpg,12053.74496,12.05374496,875.1055192,0.875105519,417.1156166,219.616953,417.5823231,0.526218989,2228.986732,1518.062835,10.63032977,0.78,1.08,0.63,1.71,36.84210526,5,0,,,,,,
F49-8.jpg,11279.61114,11.27961114,746.3636717,0.746363672,223.7254058,215.7231983,392.9940455,0.699582923,2207.313865,2065.151076,14.32073885,0.79,0.77,1.05,1.82,57.69230769,5,0,,,,,,
F49-9.jpg,11736.91074,11.73691074,911.5300691,0.911530069,270.0977687,201.9600753,434.6677781,0.573126982,2101.723152,1348.147969,8.901487284,0.76,0.83,0.64,1.47,43.53741497,5,0,,,,,,
F50-1.jpg,12055.68646,12.05568646,886.6277957,0.886627796,270.4678326,217.6183141,303.8683814,0.757808088,2045.1636,1499.472669,9.634210134,0.82,0.91,0.65,1.56,41.66666667,5,0,,,,,,
F50-2.jpg,13178.94716,13.17894716,902.0322862,0.902032286,301.7648592,210.9109231,425.8585109,0.579725533,1946.226404,1406.803539,8.601542081,,1,0.47,1.47,31.97278912,5,0,,,,,,
F50-3.jpg,11163.29418,11.16329418,692.9569101,0.69295691,344.6962015,214.7693696,449.2472678,0.541019299,1840.089764,1800.998038,10.41122314,0.79,0.84,0.6,1.44,41.66666667,5,0,,,,,,
F50-4.jpg,12466.43495,12.46643495,865.3228872,0.865322887,432.683038,264.7162126,454.1064125,0.597021565,1973.826203,1334.636501,8.276017764,0.8,0.8,0.51,1.31,38.93129771,5,0,,,,,,
F50-5.jpg,12807,12.80653417,939,0.939388661,396,296,460,0.692195339,2273,1682,12.00775612,0.67,0.96,0.73,1.69,43.19526627,5,0,,,,,,
F50-6.jpg,12196,12.19577073,895,0.895030481,295,216,301,0.722507316,2434,1605,12.27184466,0.8,0.75,0.93,1.68,55.35714286,5,0,,,,,,
F50-7.jpg,12278,12.27811003,994,0.994190134,283,190,352,0.59963075,2228,1656,11.58934575,0.8,0.78,0.81,1.59,50.94339623,5,0,,,,,,
F50-8.jpg,12083,12.08265084,966,0.966308034,336,303,444,0.777517027,2432,1528,11.67136552,0.84,0.85,0.81,1.66,48.79518072,5,0,,,,,,
F50-9.jpg,12287,12.28680487,904,0.90440555,354,237,437,0.599891696,2296,1626,11.72795774,0.8,0.89,0.8,1.69,47.33727811,5,0,,,,,,
F51-1.jpg,12418.179,12.418179,867.6950769,0.867695077,330.9881975,197.5602079,376.3400258,0.558609713,1800.834819,1292.489991,7.312242298,0.76,0.81,0.63,1.44,43.75,5,0,,,,,,
F51-2.jpg,12566.31311,12.56631311,860.667456,0.860667456,406.2816581,197.654772,352.9549501,0.520667128,2235.39776,1276.438532,8.964049025,0.72,0.78,0.77,1.55,49.67741935,5,0,,,,,,
F51-3.jpg,11903.45955,11.90345955,880.7552138,0.880755214,271.4083574,194.9257423,375.5447303,0.602596219,2518.538235,1364.037319,10.7925559,0.77,0.57,0.52,1.09,47.70642202,5,0,,,,,,
F51-4.jpg,12105,12.1047232,895,0.89456864,NA,NA,NA,,1660,1277,6.657906275,0.82,0.71,0.38,1.09,34.86238532,5,0,,,,,,
F51-5.jpg,12402,12.40226193,901,0.901182485,322,160,411,0.43560166,2193,1250,8.610542985,0.68,0.86,0.43,1.29,33.33333333,5,0,,,,,,
F51-6.jpg,12041,12.04111272,914,0.914043717,374,247,412,0.628635691,2192,1562,10.75919293,0.75,0.67,0.83,1.5,55.33333333,5,0,,,,,,
F51-7.jpg,13009,13.00856242,979,0.979271119,298,183,319,0.593132768,2454,2095,16.15078203,0.8,0.74,1.08,1.82,59.34065934,5,0,,,,,,
F51-8.jpg,12109,12.10926383,861,0.861304944,323,260,447,0.676319658,2286,1601,11.49687957,0.77,0.66,0.79,1.45,54.48275862,5,0,,,,,,
F52-1.jpg,12344.9504,12.3449504,978.7894736,0.978789474,287.2464131,241.0426597,357.8401394,0.747318817,2300.118745,1681.963046,12.15391551,0.82,0.75,0.88,1.63,53.98773006,5,0,,,,,,
F52-10.jpg,12289.87497,12.28987497,876.7485054,0.876748505,290.1071308,242.2883044,388.3558253,0.714227069,2136.214958,1570.384771,10.53902737,0.73,0.95,0.74,1.69,43.78698225,5,0,,,,,,
F52-11.jpg,11908.44362,11.90844362,878.7988366,0.878798837,324.6730122,165.1801643,366.7594842,0.477791151,1990.575187,1734.824286,10.84884702,0.63,0.97,0.7,1.67,41.91616766,5,0,,,,,,
F52-12.jpg,12263.31507,12.26331507,940.5455981,0.940545598,376.4597192,172.4531544,373.9425012,0.459628582,2151.345733,1594.760315,10.7784208,0.79,0.94,0.77,1.71,45.02923977,5,0,,,,,,
F52-13.jpg,12231.59607,12.23159607,923.4476936,0.923447694,323.9449542,233.802095,373.212144,0.670730014,2147.393448,1646.099438,11.10496505,,0.91,0.97,1.88,51.59574468,5,0,,,,,,
F52-14.jpg,12147.88641,12.14788641,875.1371588,0.875137159,352.8026777,235.0778159,385.8210244,0.636529305,2745.880189,1809.098433,15.60606053,0.84,0.86,1.06,1.92,55.20833333,5,0,,,,,,
F52-15.jpg,12631.40754,12.63140754,894.416653,0.894416653,NM,NM,NM,,2439.382941,1717.507145,13.16218652,0.78,0.68,1.05,1.73,60.69364162,5,0,,,,,,
F52-16.jpg,12475.7982,12.4757982,851.3837939,0.851383794,288.9472776,226.0430231,318.719693,0.743970083,2395.624955,1704.840152,12.83074871,0.82,0.96,0.87,1.83,47.54098361,5,0,,,,,,
F52-17.jpg,12469.65325,12.46965325,894.8682527,0.894868253,326.2690211,176.7801778,395.8230889,0.489633318,2423.058452,1752.000214,13.3366745,0.79,0.9,0.87,1.77,49.15254237,5,0,,,,,,
F52-18.jpg,12376.67457,12.37667457,887.2544193,0.887254419,445.6451288,234.6980634,519.979585,0.486106165,2705.987651,1695.680881,14.41515909,0.82,0.73,1.16,1.89,61.37566138,5,0,,,,,,
F52-19.jpg,11920.1855,11.9201855,961.2435389,0.961243539,335.2321628,249.1218841,405.5656278,0.672577287,1997.692653,1380.970919,8.66687856,0.8,0.97,0.58,1.55,37.41935484,5,0,,,,,,
F52-2.jpg,12125.56329,12.12556329,844.6356669,0.844635667,291.1766193,220.3932338,384.4664666,0.652395439,2277.416062,1600.690712,11.45247388,0.74,0.8,0.71,1.51,47.01986755,5,0,,,,,,
F52-20.jpg,12167.3361,12.1673361,832.8913936,0.832891394,382.0078894,267.3870773,333.0967043,0.747826485,2301.069736,1895.396363,13.7018538,0.75,0.78,0.83,1.61,51.55279503,5,0,,,,,,
F52-21.jpg,12474.81925,12.47481925,861.5717857,0.861571786,372.8745736,176.5128465,357.6035378,0.483280317,2071.599488,1516.411901,9.868984914,0.74,0.86,0.96,1.82,52.74725275,5,0,,,,,,
F52-22.jpg,11871.58679,11.87158679,919.2697954,0.919269795,359.7024834,213.3261587,646.7941593,0.423898401,2174.915734,1644.395105,11.23564778,0.83,0.72,0.58,1.3,44.61538462,5,0,,,,,,
F52-23.jpg,12434,12.4339918,976,0.975644285,358,237,426,0.604341436,2209,1669,11.58288485,,0.82,0.74,1.56,47.43589744,5,0,,,,,,
F52-24.jpg,11528,11.52848081,904,0.904155044,289,187,324,0.60825083,2344,2109,15.52614471,0.84,0.67,1.03,1.7,60.58823529,5,0,,,,,,
F52-25.jpg,11997,11.99730562,897,0.897420106,328,259,388,0.723730816,1870,1517,8.908352696,0.79,0.62,0.58,1.2,48.33333333,5,0,,,,,,
F52-26.jpg,11892,11.89233542,814,0.814360585,NA,NA,NA,,2330,1788,13.09028401,0.82,0.82,0.89,1.71,52.04678363,5,0,,,,,,
F52-27.jpg,12233,12.23323467,895,0.894541717,301,362,305,,2402,1632,12.31704298,0.87,0.71,0.54,1.25,43.2,5,0,,,,,,
F52-28.jpg,11828,11.82750772,933,0.933269413,NA,NA,NA,,2251,1514,10.71108431,0.82,0.89,0.84,1.73,48.55491329,5,0,,,,,,
F52-29.jpg,11952,11.95185041,963,0.963417302,326,231,328,0.706942217,2291,2029,14.60812377,0.85,0.65,0.83,1.48,56.08108108,5,0,,,,,,
F52-3.jpg,12021.39981,12.02139981,875.9761478,0.875976148,269.6537724,210.7883705,296.5644843,0.744548124,2022.643914,1408.866363,8.952384739,0.75,0.76,0.82,1.58,51.89873418,5,0,,,,,,
F52-30.jpg,13076,13.07615779,935,0.93535432,320,225,407,0.620270447,2324,1513,11.04916998,0.86,0.94,0.72,1.66,43.37349398,5,0,,,,,,
F52-4.jpg,12881.3575,12.8813575,896.8596106,0.896859611,320.8527186,162.2637656,445.5038187,0.42346808,2550.189655,1493.474074,11.96519204,0.82,1.02,0.87,1.89,46.03174603,5,0,,,,,,
F52-5.jpg,12722.07155,12.72207155,907.2425313,0.907242531,353.4713014,306.9795096,417.4870054,0.796358265,2179.227572,1387.033034,9.49596041,0.77,0.98,0.58,1.56,37.17948718,5,0,,,,,,
F52-6.jpg,11943.29681,11.94329681,812.0234544,0.812023454,368.0020383,266.8960439,368.5576854,0.724709851,2264.644009,1700.837498,12.1007495,0.78,0.79,0.91,1.7,53.52941176,5,0,,,,,,
F52-7.jpg,12761.68661,12.76168661,801.1663678,0.801166368,323.9449542,163.5521048,382.2550459,0.463189195,2373.570566,1686.31941,12.57452222,0.75,0.96,0.91,1.87,48.6631016,5,0,,,,,,
F52-8.jpg,12176.8611,12.1768611,859.5719278,0.859571928,371.747125,215.0028298,425.1584695,0.539594229,2439.012948,1650.749873,12.64867064,0.77,0.74,0.82,1.56,52.56410256,5,0,,,,,,
F52-9.jpg,11785.95904,11.78595904,972.5526755,0.972552675,325.3994412,254.745171,374.5593833,0.727886161,2041.850512,1227.700091,7.87527517,0.73,0.77,0.47,1.24,37.90322581,5,0,,,,,,
F100-1,13903.10553,13.90310553,955.5295399,,216.7803992,NM,411.6752011,,1926.627406,1100.729925,6.662358729,0.828063241,1.1,0.28,1.38,20.28985507,8,7,,,,,,
F100-2,14162.34934,14.16234934,926.865099,,243.9369457,217.6502148,396.2729708,0.679933907,1157.439623,908.245451,3.302562786,0.990118577,1.05,0.1,1.15,8.695652174,8,7,,,,,,
F101-1,13363.74627,13.36374627,937.3730609,,406.4110366,258.9507439,548.7763391,0.542198841,2073.923052,939.4489918,6.120900919,0.962450593,0.94,0.09,1.03,8.737864078,8,7,,,,,,
F107-1,12756.72672,12.75672672,958.618499,,154.0791101,72.1019614,383.8851701,0.268054828,2021.042302,1442.830374,9.160943106,1.037549407,0.97,0.25,1.22,20.49180328,8,7,,,,,,
F108-1,12229.06388,12.22906388,734.6058137,,299.2071957,218.7855928,360.5584137,0.66322218,1252.201398,1143.152931,4.497053191,1.104743083,0.8,0.37,1.17,31.62393162,8,7,,,,,,
F108-2,12125.45247,12.12545247,984.425509,,356.7412991,137.2270085,459.1573563,0.336382485,929.2452629,936.5463556,2.734066917,0.97826087,0.86,0.01,0.87,1.149425287,8,7,,,,,,
F110-1,13008.5923,13.0085923,944.4516465,,268.2919231,195.0441294,475.9998944,0.524106607,1776.812857,1353.280362,7.554034669,1.092885375,0.96,0.27,1.23,21.95121951,8,7,,,,,,
F110-2,12956.24635,12.95624635,929.1784948,,343.4472587,229.3686509,444.3946221,0.582270774,2562.296458,1389.64087,11.18617117,1.06916996,0.96,0.32,1.28,25,8,7,,,,,,
F111-1,12451.8118,12.4518118,897.0642352,,259.1050043,184.5506334,486.4776292,0.495050783,2055.785861,1188.973811,7.678911627,1.057312253,0.98,0.09,1.07,8.411214953,8,7,,,,,,
F114-1,12639.48579,12.63948579,864.5940915,,272.5331809,300.6445483,347.3233122,0.970045653,2161.683622,1135.642785,7.712290575,,0.77,0.18,0.95,18.94736842,8,7,,,,,,
F127-1,12908.06248,12.90806248,962.9342529,,311.070069,245.2582961,409.6833557,0.68056089,1569.885066,942.9543534,4.650589791,1.140316206,0.98,0.08,1.06,7.547169811,8,7,,,,,,
F133-2-1,13463.73444,13.46373444,860.5785025,,373.1687609,256.4164531,474.1332216,0.605253991,2444.509601,1406.756122,10.80339031,1.084980237,1.2,0.16,1.36,11.76470588,8,7,,,,,,
F133-2-2,13300.53228,13.30053228,923.0743185,,288.055461,230.8450048,416.1805885,0.655589855,1700.17358,1089.64942,5.820088133,0.986166008,1.23,0.46,1.69,27.21893491,8,7,,,,,,
F134-1,13184.40155,13.18440155,853.3163552,,290.1963385,221.5319049,423.063224,0.621181731,1724.4,1059.966878,5.742219828,0.946640316,1.42,0.11,1.53,7.189542484,8,7,,,,,,
F135-1,13791.60362,13.79160362,941.9955096,,375.0408333,216.1111369,338.2581643,0.605948242,1538.063823,1305.760486,6.309390175,1.088932806,1.27,0.13,1.4,9.285714286,8,7,,,,,,
F135-2,12887.67434,12.88767434,951.1391672,,332.366289,256.7016546,423.278271,0.679424344,2157.960272,1454.712971,9.862119534,1.017786561,0.91,0.35,1.26,27.77777778,8,7,,,,,,
F89-1,13768.90612,13.76890612,912.899905,,460.234748,361.6006696,436.738383,0.806268677,2683.48956,1182.163276,9.966137618,1.041501976,1.08,0.26,1.34,19.40298507,8,7,,,,,,
F99-1,12093.59269,12.09359269,859.5591269,,303.1379457,162.2477901,436.1773252,0.438913672,2301.191244,1174.864844,8.493567201,0.891304348,0.92,0.19,1.11,17.11711712,8,7,,,,,,
F99-2,11789.28842,11.78928842,943.8487301,,291.6392681,196.2917305,376.343821,0.58771467,2783.685697,1517.530835,13.27110936,0.934782609,0.88,0.38,1.26,30.15873016,8,7,,,,,,
,,,,,,,,,,,0,0.986166008,1.22,0.5,1.72,29.06976744,8,7,,,,,,
F244-1,14067.25175,14.06725175,954.0002409,,392.73939,231.6120381,368.1100319,0.608824904,2013.847043,942.1506636,5.960687393,0.922924901,1.3,0.12,1.42,8.450704225,8A,7,,,,,,
F244-2,13155.26281,13.15526281,1010.735475,,407.145366,202.3491271,405.6719239,0.497895726,2006.559163,964.3442122,6.079019737,0.946640316,1.28,0.06,1.34,4.47761194,8A,7,,,,,,
F244-3,14033.95247,14.03395247,983.3378096,,409.3629372,309.7065055,531.3396017,0.658457892,1847.226327,1080.26375,6.269016574,1.049407115,1.56,0.12,1.68,7.142857143,8A,7,,,,,,
F244-4,14413.91197,14.41391197,1038.172976,,284.6637688,214.7786761,474.5205043,0.565814345,2563.848561,1115.150131,8.982044754,0.93083004,1.59,0.21,1.8,11.66666667,8A,7,,,,,,
F256-1,14112.46143,14.11246143,1023.041285,,456.3436775,189.7109015,528.0719982,0.385428445,2192.553858,1041.976328,7.177242645,0.887351779,1.35,0.2,1.55,12.90322581,8A,7,,,,,,
F257-1,14053.23707,14.05323707,989.9052263,,372.6490829,292.5270127,480.1544938,0.686036083,2103.987202,1013.158498,6.696841056,,1.02,0.04,1.06,3.773584906,8A,7,,,,,,
F257-2,,,934.3099679,,474.5697732,179.3956908,423.3419894,0.399584232,1795.832709,879.2244397,4.960382138,0.891304348,1.64,0.17,1.81,9.392265193,8A,7,,,,,,
F269-1,13803.54494,13.80354494,1012.395343,,443.9024497,231.0617716,511.991635,0.483446389,1912.256445,1005.174984,6.038614572,1.32,1.39,0.12,1.51,7.947019868,8A,7,,,,,,
F269-10,14213.51256,14.21351256,943.3506058,,517.508627,239.2172187,507.0224438,0.466978944,1984.276128,819.1817205,5.106600299,1.08,1.5,0.04,1.54,2.597402597,8A,7,,,,,,
F269-2,13074.0618,13.0740618,976.0827064,,407.9825988,144.4046739,514.457861,0.313092672,1707.570887,1141.28736,6.122421914,1.09,1.82,0.1,1.92,5.208333333,8A,7,,,,,,
F269-3,14457.85736,14.45785736,1000.04421,,407.3141589,221.5293804,500.0358086,0.488299748,1722.813821,1133.978078,6.137514228,1.12,1.54,0.05,1.59,3.144654088,8A,7,,,,,,
F269-4,13767.19264,13.76719264,953.5058191,,362.8083272,211.391594,486.7057909,0.497676471,1696.507843,877.6483357,4.677630484,1.12,1.93,0.1,2.03,4.926108374,8A,7,,,,,,
F269-5,14876.32124,14.87632124,995.4770061,,336.7295673,258.5847803,550.8019007,0.582705605,1401.167109,869.827249,3.828886111,1.14,1.69,0.04,1.73,2.312138728,8A,7,,,,,,
F269-6,14176.0514,14.1760514,959.489526,,382.8248557,247.9801568,543.9587994,0.535141412,1876.592549,972.2973427,5.732163802,,1.78,0,1.78,0,8A,7,,,,,,
F269-7,14617.7659,14.6177659,1032.052636,,439.7745718,204.0099023,420.604778,0.474232447,1945.903839,998.9835384,6.107018176,1.14,1.71,0.08,1.79,4.469273743,8A,7,,,,,,
F269-8,14110.85832,14.11085832,1030.988674,,435.7409946,245.7954194,484.1342696,0.534410325,NM,NM,0,1.05,1.66,0.28,1.94,14.43298969,8A,7,,,,,,
F269-9,14730.14458,14.73014458,977.7690899,,427.934372,138.7584494,490.870107,0.302041299,1858.740952,1154.331942,6.740608233,1.18,1.74,0.02,1.76,1.136363636,8A,7,,,,,,
F271-1,13403.72423,13.40372423,1049.815288,,401.8837332,171.1710644,380.8480782,0.43736836,1350.374725,862.0336891,3.657025976,1.02173913,1.25,0.14,1.39,10.07194245,8A,7,,,,,,
F271-2,13457.19585,13.45719585,1011.164977,,302.6173089,327.1220705,571.2562609,0.748671391,1608.387372,1440.153288,7.276941455,0.950592885,1.59,0,1.59,0,8A,7,,,,,,
F274-1,13927.97768,13.92797768,1011.003732,,471.9291105,271.3660135,475.6542243,0.572753875,1081.274915,840.3209071,2.854504962,1.005928854,1.33,0.22,1.55,14.19354839,8A,7,,,,,,
F350-1,16248.5979,16.2485979,1099.123824,,461.8887627,121.9866408,506.4612215,0.251947421,2447.473069,1317.558294,10.13064896,1.108695652,2.47,0,2.47,0,8B,7,,,,,,
F350-2,14738.13841,14.73813841,960.1383611,,305.3708816,123.9163183,406.666219,0.348061409,928.061841,763.0510695,2.224743914,,1.22,0,1.22,0,8B,7,,,,,,
F350-3,15131.20541,15.13120541,1016.448492,,462.8124386,162.1358779,487.9465633,0.341066196,1564.043002,1022.146578,5.022400876,1.104743083,1.84,0,1.84,0,8B,7,,,,,,
F350-4,14153.9998,14.1539998,1045.681463,,379.2551975,218.2250348,433.5046608,0.536997571,769.9351355,605.7645667,1.465235766,1.278656126,1.79,0,1.79,0,8B,7,,,,,,
F350-5,14368.9255,14.3689255,1068.103048,,422.5965771,191.6932927,326.8660879,0.511548611,512.1074804,641.9100129,1.032725203,1.017786561,1.84,0,1.84,0,8B,7,,,,,,
F350-6,15555.12013,15.55512013,1025.381799,,475.0563943,135.6875835,488.898655,0.281522636,937.7463684,871.3440403,2.566992276,1.0256917,2.13,0,2.13,0,8B,7,,,,,,
F350-7,15235.99515,15.23599515,1089.593305,,465.2666092,58.12517079,379.6553614,0.137587074,NM,NM,0,1.124505929,2.07,0,2.07,0,8B,7,,,,,,
F351-1,14068.77365,14.06877365,1019.178052,,507.5631814,221.4335675,578.9993421,0.407585505,1395.404716,780.7029264,3.422437294,,1.99,0,1.99,0,8B,7,,,,,,
F351-2,14193.68824,14.19368824,969.7968063,,363.1586002,268.4601523,516.2786354,0.610527145,1055.813487,927.0855234,3.075080653,1.116600791,1.67,0,1.67,0,8B,7,,,,,,
F351-3,14915.46455,14.91546455,1023.958344,,547.92696,274.0700511,645.4381448,0.459323052,1763.919783,1119.085918,6.201428883,1.092885375,2.04,0,2.04,0,8B,7,,,,,,
F351-4,14674.81658,14.67481658,1047.865616,,531.3968534,232.2931192,487.3332792,0.456044465,1184.48623,906.8657367,3.37460166,1.227272727,1.67,0.14,1.81,7.73480663,8B,7,,,,,,
F355-1,,,959.0828953,,481.3314866,31.78049716,107.0560601,0.10802573,549.2831692,645.1046427,1.113207094,0.83201581,2.12,0,2.12,0,8B,7,,,,,,
F355-2,16260.12555,16.26012555,1221.415572,,468.8027304,172.5572369,605.7986464,0.321155808,985.0401007,988.4857106,3.058960101,1.06916996,1.9,0,1.9,0,8B,7,,,,,,
F355-3,13506.45649,13.50645649,1065.772959,,496.9346033,107.7032961,100.2247474,0.36071878,1536.801874,1194.97615,5.769346526,0.895256917,2.15,0.03,2.18,1.376146789,8B,7,,,,,,
F355-4,13851.00962,13.85100962,916.8467702,,463.7930573,163.4135857,133.2403843,0.547418534,1408.238616,793.1305063,3.508895299,1.152173913,1.95,0,1.95,0,8B,7,,,,,,
F355-5,12404.27122,12.40427122,990.7249871,,537.5648798,215.4065923,154.304893,0.622679587,940.1276509,820.9750301,2.424746161,1.12055336,1.88,0.1,1.98,5.050505051,8B,7,,,,,,
F357-1,14855.66126,14.85566126,1077.081547,,402.814496,222.5523471,506.3307336,0.48958591,1712.980896,894.8362837,4.815546832,0.986166008,1.64,0,1.64,0,8B,7,,,,,,
F357-10,14345.9711,14.3459711,981.4838086,,484.965621,206.6167236,496.0953158,0.421210785,521.0045246,772.7490962,1.264822278,0.911067194,1.69,0.13,1.82,7.142857143,8B,7,,,,,,
F357-11,14568.05468,14.56805468,1024.58893,,410.9606899,187.7386201,465.1270233,0.428584073,900.4255022,474.7788483,1.343039096,1.144268775,2.19,0.11,2.3,4.782608696,8B,7,,,,,,
F357-12,14740.53404,14.74053404,1050.89665,,416.023364,256.641423,596.9198092,0.506724227,715.1465639,666.8640988,1.498241766,1.116600791,2.06,0,2.06,0,8B,7,,,,,,
F357-13,15007.29274,15.00729274,1109.074308,,540.9284542,238.2855792,585.2381526,0.423179977,1943.601549,641.6132469,3.917689966,,1.55,0,1.55,0,8B,7,,,,,,
f357-1l,14830.03728,14.83003728,1125.728063,,563.9012987,253.6525855,466.3740632,0.492397654,2000.724878,661.0714671,4.155136458,1.033596838,2.3,0.28,2.58,10.85271318,8B,7,,,,,,
F357-2,15154.99495,15.15499495,1054.587933,,326.5589538,172.6075588,496.6357543,0.419360225,NM,NM,0,0.986166008,1.72,0.11,1.83,6.010928962,8B,7,,,,,,
F357-3,15399.15665,15.39915665,1165.432293,,457.4155682,225.9014473,561.4885414,0.443420426,1940.131644,1045.382126,6.371706687,1.108695652,1.98,0,1.98,0,8B,7,,,,,,
F357-4,14973.69349,14.97369349,1069.43802,,404.2835505,228.7591643,446.11172,0.538006671,2408.578499,1081.325094,8.182134093,1.136363636,1.68,0.14,1.82,7.692307692,8B,7,,,,,,
F357-5,14675.25183,14.67525183,1159.085414,,411.9854973,204.7867268,407.8196782,0.499598522,1732.651233,506.0997976,2.754842799,1.128458498,1.78,0,1.78,0,8B,7,,,,,,
F357-6,15840.4708,15.8404708,1066.11529,,446.5112164,138.7088334,554.7593375,0.27706564,1196.177092,1083.836994,4.072948864,1.26284585,1.69,0.12,1.81,6.629834254,8B,7,,,,,,
F357-7,14496.42317,14.49642317,1160.704207,,459.5767579,242.7679152,494.9793166,0.508650925,1001.963341,842.1613363,2.650920094,1.227272727,1.73,0.1,1.83,5.464480874,8B,7,,,,,,
F357-8,14602.99446,14.60299446,1038.889094,,426.8832344,252.0023265,505.7850498,0.540390042,1626.576611,866.808063,4.429421115,1.156126482,1.66,0.11,1.77,6.214689266,8B,7,,,,,,
F78-1.jpg,13394.80771,13.39480771,1089.589463,1.089589463,292.9367097,83.48653753,376.2899064,0.249501546,0.0441,0,0,1.11,1.06,0,1.06,0,8,28,,,,,,
F78-2.jpg,14275.93423,14.27593423,1018.740488,1.018740488,323.0505391,153.2706706,322.8961459,0.474561366,0.0289,0,0,1.05,0.84,0,0.84,0,8,28,,,,,,
F78-3.jpg,15768.79637,15.76879637,1120.608956,1.120608956,555.4772926,113.0246478,460.2477305,0.222549696,0.0495,0,0,1.13,1.94,0,1.94,0,8,28,,,,,,
F83-1.jpg,14345.48542,14.34548542,1053.448527,1.053448527,242.9758192,97.70241572,342.6248248,0.333682747,0.0322,0,0,1.1,0.95,0,0.95,0,8,28,,,,,,
F83-2.jpg,15450.37338,15.45037338,1166.497827,1.166497827,507.3730895,200.0868968,584.7096502,0.366431754,0.0496,0,0,1.33,1.83,0,1.83,0,8,28,,,,,,
F84-1.jpg,16709.48504,16.70948504,1153.886657,1.153886657,506.9983177,149.4443621,652.0594358,0.257872158,0.0617,0,0,1.3,2.88,0,2.88,0,8,28,,,,,,
F84-2.jpg,17737.89121,17.73789121,1122.92674,1.12292674,553.5801128,173.2620929,467.0956777,0.339504659,0.0588,0,0,1.4,3.28,0,3.28,0,8,28,,,,,,
F86-1.jpg,16839.20945,16.83920945,1258.794912,1.258794912,561.1735329,221.3317179,470.8178792,0.428941007,0.0576,0,0,1.23,2.75,0,2.75,0,8,28,,,,,,
F87-1.jpg,16752.03323,16.75203323,1149.208933,1.149208933,647.327584,166.4168304,605.8480914,0.265592181,0.0596,0,0,1.42,2.80,0,2.80,0,8,28,,,,,,
F88-1.jpg,17741.21797,17.74121797,1238.887438,1.238887438,522.4157126,87.89191141,538.5233122,0.165687018,0.0575,0,0,1.23,3.21,0,3.21,0,8,28,,,,,,
F89-1.jpg,17146.09717,17.14609717,1197.781708,1.197781708,531.85191,162.0646769,632.0113991,0.278494348,0.0442,0,0,1.27,2.23,0,2.23,0,8,28,,,,,,
F90-1.jpg,18081.77284,18.08177284,1188.821262,1.188821262,496.9263918,148.3468751,516.3758119,0.29279888,0.0504,0,0,1.15,2.98,0,2.98,0,8,28,,,,,,
F92-1.jpg,17071.69629,17.07169629,1086.148576,1.086148576,451.4716348,175.7838228,508.7297342,0.366139496,0.0478,0,0,1.13,2.38,0,2.38,0,8,28,,,,,,
F92-2.jpg,17069.57711,17.06957711,1142.817442,1.142817442,565.8545181,168.8404282,607.0116066,0.287910827,0.0559,0,0,1.27,2.78,0,2.78,0,8,28,,,,,,
F92-3.jpg,16920.87388,16.92087388,1237.281917,1.237281917,,,,,0.0514,0,0,1.15,2.49,0,2.49,0,8,28,,,,,,
F98-1.jpg,16458.16921,16.45816921,1122.792961,1.122792961,459.744204,108.6397658,524.6953276,0.220713944,0.0435,0,0,1.15,1.94,0,1.94,0,8,28,,,,,,
F98-2.jpg,16902.74952,16.90274952,1205.384381,1.205384381,483.171884,102.7330855,NOT PRESENT ,,0.0511,0,0,,2.47,0,2.47,0,8,28,,,,,,
F103-1.jpg,18366.86616,18.36686616,1194.219461,1.194219461,580.6374793,157.8073847,581.1180259,0.271670561,0.0533,0,0,1.35,3.30,0,3.30,0,8,28,,,,,,
F105-1.jpg,14544.79032,14.54479032,1067.198306,1.067198306,356.3282143,105.9992086,390.3547125,0.283920269,0.0471,0,0,1.11,1.45,0,1.45,0,8,28,,,,,,
F213-1.jpg,17585.80867,17.58580867,1303.939051,1.303939051,605.5195498,64.59724281,475.9663998,0.119460161,0.0493,0,0,1.3,2.68,0,2.68,0,8A,28,,,,,,
F213-2.jpg,18953.1856,18.9531856,1294.109467,1.294109467,635.5587115,153.776323,538.0006133,0.262068256,0.0560,0,0,1.51,3.81,0,3.81,0,8A,28,,,,,,
F213-3.jpg,17337.77836,17.33777836,1241.345057,1.241345057,594.1579494,106.4026752,454.7386599,0.202884964,0.0493,0,0,1.42,2.57,0,2.57,0,8A,28,,,,,,
F213-4.jpg,15739.78012,15.73978012,1136.165945,1.136165945,410.1689283,87.48917622,480.4135526,0.196476302,0.0415,0,0,1.39,1.62,0,1.62,0,8A,28,,,,,,
F213-5.jpg,18549.50478,18.54950478,1421.187057,1.421187057,712.3729458,61.88078936,580.3761496,0.095735189,0.0569,0,0,1.45,3.63,0,3.63,0,8A,28,,,,,,
F213-6.jpg,18996.53957,18.99653957,1343.265183,1.343265183,619.3568878,121.6379475,646.9656275,0.192112114,0.0556,0,0,1.53,3.81,0,3.81,0,8A,28,,,,,,
F213-7.jpg,19087.05775,19.08705775,1389.104519,1.389104519,604.5619714,150.4373682,619.0506945,0.245890505,0.0569,0,0,1.46,3.96,0,3.96,0,8A,28,,,,,,
F218-1.jpg,18316.40405,18.31640405,1326.270491,1.326270491,645.7920741,100.3719436,740.1014357,0.144847988,0.0622,0,0,1.61,3.82,0,3.82,0,8A,28,,,,,,
F218-2.jpg,16360.34102,16.36034102,1182.749172,1.182749172,593.4882274,135.1562373,591.5473291,0.228104949,0.0804,0,0,1.42,3.52,0,3.52,0,8A,28,,,,,,
F218-3.jpg,16285.00881,16.28500881,1175.211733,1.175211733,526.4090801,180.2376143,544.984828,0.336454432,0.0607,0,0,1.41,2.62,0,2.62,0,8A,28,,,,,,
F218-4.jpg,17046.42104,17.04642104,1167.869807,1.167869807,607.9647125,117.1501901,490.9656976,0.213207659,0.0596,0,0,1.45,2.95,0,2.95,0,8A,28,,,,,,
F218-5.jpg,16545.41296,16.54541296,1246.292486,1.246292486,445.6469935,78.59882967,439.4835507,0.177598277,0.0578,0,0,1.44,2.62,0,2.62,0,8A,28,,,,,,
F218-6.jpg,13753.4785,13.7534785,1181.655805,1.181655805,602.247443,167.7278796,546.725998,0.291961282,0.0746,0,0,1.29,1.94,0,1.94,0,8A,28,,,,,,
F218-7.jpg,17331.78859,17.33178859,1280.499276,1.280499276,573.2591001,138.9859622,360.4778122,0.297698335,0.0632,0,0,1.46,3.29,0,3.29,0,8A,28,,,,,,
F218-8.jpg,19297.05078,19.29705078,1317.606688,1.317606688,647.2980093,124.7065936,360.5322116,0.2474754,0.0582,0,0,1.54,4.18,0,4.18,0,8A,28,,,,,,
F218-9.jpg,18809.81286,18.80981286,1373.165711,1.373165711,625.4799431,226.1985738,627.3427292,0.361102299,0.0655,0,0,1.58,4.36,0,4.36,0,8A,28,,,,,,
F218-10.jpg,17126.31413,17.12631413,1211.85383,1.21185383,513.4914611,134.9046163,568.5185013,0.249359287,0.0647,0,0,1.44,3.25,0,3.25,0,8A,28,,,,,,
F218-11.jpg,18896.10022,18.89610022,1191.659272,1.191659272,602.0752889,119.2399612,560.108412,0.205199851,0.0685,0,0,1.55,4.62,0,4.62,0,8A,28,,,,,,
F242-1.jpg,18390.29812,18.39029812,1227.643442,1.227643442,602.6844666,175.1385925,533.9591234,0.308168003,0.0537,0,0,1.4,3.34,0,3.34,0,8A,28,,,,,,
F242-2.jpg,19491.06478,19.49106478,1355.735728,1.355735728,657.598769,230.367404,653.4779659,0.351417118,0.0540,0,0,1.47,4.00,0,4.00,0,8A,28,,,,,,
F242-3.jpg,18682.53128,18.68253128,1288.534055,1.288534055,669.3689743,144.4784613,702.8703976,0.210573263,0.0750,0,0,1.53,4.89,0,4.89,0,8A,28,,,,,,
F255-1.jpg,15562.11145,15.56211145,1121.15804,1.12115804,388.3175756,231.1123012,524.7600895,0.506227039,0.0427,0,0,0.97,1.61,0,1.61,0,8A,28,,,,,,
F264-1.jpg,19416.09443,19.41609443,1357.793791,1.357793791,757.3039617,69.53174862,684.1051505,0.096477465,0.0589,0,0,1.6,4.31,0,4.31,0,8A,28,,,,,,
F264-2.jpg,20879.32572,20.87932572,1363.08422,1.36308422,709.5346897,63.61695512,692.369509,0.090757921,0.0601,0,0,1.54,5.47,0,5.47,0,8A,28,,,,,,
F264-3.jpg,16201.02308,16.20102308,1186.023164,1.186023164,452.9255791,109.0451188,422.7628659,0.249050035,0.0626,0,0,1.41,2.66,0,2.66,0,8A,28,,,,,,
F264-4.jpg,20382.25984,20.38225984,1505.02749,1.50502749,789.2453042,103.0432559,471.3378849,0.163485055,0.0586,0,0,1.57,4.96,0,4.96,0,8A,28,,,,,,
F264-5.jpg,18156.36321,18.15636321,1339.488737,1.339488737,721.517514,64.78016232,558.0428557,0.10125378,0.0571,0,0,1.46,3.42,0,3.42,0,8A,28,,,,,,
F264-6.jpg,18153.06526,18.15306526,1299.74391,1.29974391,517.2350274,205.7896958,630.5164339,0.358596269,0.0500,0,0,1.34,2.99,0,2.99,0,8A,28,,,,,,
F264-7.jpg,19534.0577,19.5340577,1485.535802,1.485535802,685.0529993,140.6690019,587.3014205,0.221116066,0.0585,0,0,1.41,4.36,0,4.36,0,8A,28,,,,,,
F264-8.jpg,19190.09056,19.19009056,1309.574611,1.309574611,700.201162,169.7319969,610.0998621,0.259073287,0.0567,0,0,1.46,4.01,0,4.01,0,8A,28,,,,,,
F264-9.jpg,15151.67165,15.15167165,1154.563218,1.154563218,617.2410123,204.8021219,518.5456119,0.360634854,0.0437,0,0,1.08,1.52,0,1.52,0,8A,28,,,,,,
F264-10.jpg,14276.11893,14.27611893,1014.140213,1.014140213,436.1175176,134.5022634,483.4595581,0.292530701,0.0361,0,0,1.12,1.05,0,1.05,0,8A,28,,,,,,
F268-1.jpg,15260.2915,15.2602915,1064.880055,1.064880055,451.436756,238.6213651,536.1404297,0.483246006,0.0504,0,0,1.08,1.79,0,1.79,0,8A,28,,,,,,
F268-2.jpg,15008.50361,15.00850361,998.2945033,0.998294503,456.6619731,230.8044176,554.4260711,0.456546626,0.0527,0,0,1.03,1.78,0,1.78,0,8A,28,,,,,,
F268-3.jpg,16188.43738,16.18843738,1121.379378,1.121379378,493.2149626,214.9064753,602.1690511,0.392385634,0.0429,0,0,1.07,1.82,0,1.82,0,8A,28,,,,,,
F268-4.jpg,13542.20913,13.54220913,937.6135501,0.93761355,401.8838253,300.4921035,496.4698606,0.668983961,0.0366,0,0,0.9,0.91,0,0.91,0,8A,28,,,,,,
F268-5.jpg,15352.51813,15.35251813,993.0821942,0.993082194,417.4858073,218.5827432,525.4515681,0.463620912,0.0398,0,0,1.1,1.44,0,1.44,0,8A,28,,,,,,
F318-1.jpg,18760.76213,18.76076213,1279.234197,1.279234197,731.7708503,222.9655499,603.1114122,0.334060248,0.0597,0,0,1.32,3.94,0,3.94,0,8A,28,,,,,,
F308-1.jpg,20614.28153,20.61428153,1256.423992,1.256423992,670.3400168,82.03899172,696.4335233,0.120047673,0.0587,0,0,1.54,5.14,0,5.14,0,8B,28,,,,,,
F308-2.jpg,17782.00256,17.78200256,1282.582941,1.282582941,576.125944,104.0486313,521.4617684,0.18959511,0.0539,0,0,1.33,3.03,0,3.03,0,8B,28,,,,,,
F308-3.jpg,20221.05039,20.22105039,1321.978669,1.321978669,693.2968075,201.7862711,816.2483182,0.26734712,0.0542,0,0,1.41,4.48,0,4.48,0,8B,28,,,,,,
F308-4.jpg,18652.37735,18.65237735,1363.057102,1.363057102,560.2762794,20.763636,504.4656778,0.039002194,0.0635,0,0,1.53,4.12,0,4.12,0,8B,28,,,,,,
F308-5.jpg,20662.90744,20.66290744,1458.800388,1.458800388,699.9669131,118.2697225,708.8922788,0.167894312,0.0572,0,0,1.47,5.05,0,5.05,0,8B,28,,,,,,
F308-6.jpg,17497.49395,17.49749395,1342.474291,1.342474291,608.4568121,78.91395833,597.3932187,0.130885195,0.0560,0,0,1.2,3.00,0,3.00,0,8B,28,,,,,,
F308-7.jpg,18285.00,18.28500049,1362.652887,1.362652887,656.2571902,152.0305305,592.1783486,0.243553673,0.0527,0,0,1.24,3.22,0,3.22,0,8B,28,,,,,,
F308-8.jpg,18813.97801,18.81397801,1312.632991,1.312632991,631.4634061,223.2023803,594.2980004,0.364185688,0.0551,0,0,1.27,3.67,0,3.67,0,8B,28,,,,,,
F308-9.jpg,18677.43485,18.67743485,1279.965841,1.279965841,656.6950112,124.7739238,639.8472394,0.192471821,0.0638,0,0,1.31,4.16,0,4.16,0,8B,28,,,,,,
F308-10.jpg,18780.08159,18.78008159,1322.838993,1.322838993,571.4507395,81.01070947,596.0686646,0.13877407,0.0596,0,0,1.37,3.95,0,3.95,0,8B,28,,,,,,
F317-1.jpg,17492.00054,17.49200054,1252.584181,1.252584181,611.7906094,84.89984634,558.2707157,0.145120336,0.0546,0,0,1.6,2.92,0,2.92,0,8B,28,,,,,,
F317-2.jpg,20455.27443,20.45527443,1350.233996,1.350233996,572.4906528,180.4853403,603.8718818,0.306853262,0.0665,0,0,1.6,5.69,0,5.69,0,8B,28,,,,,,
F317-3.jpg,19918.81508,19.91881508,1378.772395,1.378772395,682.6775421,76.87904777,643.6680112,0.115926121,0.0533,0,0,1.62,4.21,0,4.21,0,8B,28,,,,,,
F317-4.jpg,19072.39672,19.07239672,1368.812219,1.368812219,699.0278933,105.6590427,637.5284841,0.158106376,0.0641,0,0,1.39,4.45,0,4.45,0,8B,28,,,,,,
F317-5.jpg,19121.9183,19.1219183,1307.345876,1.307345876,640.9903146,158.2858433,680.000035,0.239647236,0.0689,0,0,1.44,4.82,0,4.82,0,8B,28,,,,,,
F317-6.jpg,19732.67624,19.73267624,1342.069719,1.342069719,647.9804673,157.1583477,640.481488,0.243947207,0.0616,0,0,1.46,4.73,0,4.73,0,8B,28,,,,,,
F317-7.jpg,19141.32523,19.14132523,1289.679359,1.289679359,700.2987257,113.3284962,636.5359316,0.169547514,0.0683,0,0,1.48,4.79,0,4.79,0,8B,28,,,,,,
F317-8.jpg,17601.22989,17.60122989,1337.276255,1.337276255,596.7052252,123.2666568,550.5120306,0.214896797,0.0605,0,0,1.29,3.30,0,3.30,0,8B,28,,,,,,
F317-9.jpg,19190.98741,19.19098741,1447.966647,1.447966647,634.2658581,91.6382765,466.0586378,0.166565912,0.0624,0,0,1.45,4.41,0,4.41,0,8B,28,,,,,,
F330-1.jpg,21664.08345,21.66408345,1386.672285,1.386672285,704.6620796,168.164952,612.0349886,0.255434535,,0,0,,,0,,0,8B,28,,,,,,
F330-2.jpg,18834.53431,18.83453431,1228.736995,1.228736995,650.9166668,167.2079511,652.2575513,0.25661642,,0,0,,,0,,0,8B,28,,,,,,
F330-3.jpg,19696.1466,19.6961466,1300.682311,1.300682311,596.2748242,53.74541285,686.746942,0.083779425,,0,0,,,0,,0,8B,28,,,,,,
F330-4.jpg,20104.57278,20.10457278,1368.368277,1.368368277,803.6459233,54.05274982,697.5953842,0.072010741,0.0599,0,0,,4.87,0,4.87,0,8B,28,,,,,,
F330-5.jpg,19973.10743,19.97310743,1466.843679,1.466843679,656.5259144,85.46490161,656.4491816,0.130185107,0.0612,0,0,1.61,4.88,0,4.88,0,8B,28,,,,,,
F330-6.jpg,20443.47376,20.44347376,1435.77,1.43577,580.9749425,54.05274982,686.3114005,0.085304714,0.0552,0,0,1.46,4.72,0,4.72,0,8B,28,,,,,,
F330-7.jpg,16790.3515,16.7903515,1199.765885,1.199765885,579.9033386,65.48999674,349.1073047,0.14098869,0.0543,0,0,1.34,2.57,0,2.57,0,8B,28,,,,,,
F330-8.jpg,20326.75863,20.32675863,1538.650052,1.538650052,650.6431514,73.3106212,675.7151045,0.110544223,0.0699,0,0,1.62,5.87,0,5.87,0,8B,28,,,,,,
F330-9.jpg,17065.87291,17.06587291,1286.480994,1.286480994,570.3787211,44.45109334,457.3280913,0.086505398,0.0602,0,0,1.41,2.99,0,2.99,0,8B,28,,,,,,
F330-10.jpg,19220.28288,19.22028288,1342.577558,1.342577558,658.0113229,57.78642134,664.1534829,0.087411828,0.0651,0,0,1.45,4.62,0,4.62,0,8B,28,,,,,,
F342-1.jpg,20513.13953,20.51313953,1484.807742,1.484807742,867.8568943,116.2119506,716.3495717,0.146713138,0.0763,0,0,1.59,6.59,0,6.59,0,8B,28,,,,,,
F342-2.jpg,19945.30348,19.94530348,1414.92524,1.41492524,756.7860374,132.1880239,697.8674077,0.181745039,0.0578,0,0,1.46,4.59,0,4.59,0,8B,28,,,,,,
F342-3.jpg,20068.06237,20.06806237,1528.189699,1.528189699,715.8708399,156.9771561,623.7920173,0.234353226,0.0709,0,0,1.53,5.73,0,5.73,0,8B,28,,,,,,
F349-1.jpg,19262.21547,19.26221547,1442.072348,1.442072348,675.6783365,160.3123628,676.156718,0.237177402,0.0596,0,0,1.54,4.26,0,4.26,0,8B,28,,,,,,
F349-2.jpg,19038.13178,19.03813178,1333.487843,1.333487843,478.1150005,87.54717635,603.7741017,0.161841313,0.0606,0,0,1.69,4.18,0,4.18,0,8B,28,,,,,,
F349-3.jpg,19046.11791,19.04611791,1313.937002,1.313937002,599.0947694,105.0794079,651.6239314,0.168030442,0.0615,0,0,1.73,4.25,0,4.25,0,8B,28,,,,,,
F349-4.jpg,17829.27861,17.82927861,1227.973986,1.227973986,656.3119338,172.1281908,547.3011572,0.28601914,0.0491,0,0,1.56,2.78,0,2.78,0,8B,28,,,,,,
F349-5.jpg,18794.26674,18.79426674,1397.494387,1.397494387,546.0403682,51.07225819,756.0204088,0.078448348,0.0590,0,0,1.38,3.92,0,3.92,0,8B,28,,,,,,
F349-6.jpg,18225.98105,18.22598105,1400.994684,1.400994684,519.2547506,50.37511019,613.3035461,0.088958088,0.0550,0,0,1.46,3.33,0,3.33,0,8B,28,,,,,,
F349-7.jpg,19381.04487,19.38104487,1403.942787,1.403942787,538.3874821,80.74119012,622.50857,0.139101498,0.0598,0,0,1.49,4.35,0,4.35,0,8B,28,,,,,,
